Issue Type,Summary,Description,Epic Name,Epic Link,Labels,Priority,Requirement ID,Phase,Acceptance Criteria,Component
Epic,"EPIC-P0-01: Tenant, Org & Control-Plane Foundations","h2. Goal
Multi-tenant org model, hierarchy, feature flags, bulk ops, audit history

h2. Scope
Prefixes: ORG
MUST stories: 15
Phase: 0

h2. Exit
All child MUST stories Done; golden gates for phase met; Upgrade Pack principles P1–P8 not violated.","Tenant, Org & Control-Plane Foundations",,"phase-0,visibility,control-plane,epic",Highest,ORG,0,15 MUST requirements verified; phase 0 exit gate.,ORG
Epic,"EPIC-P0-02: Identity, RBAC/ABAC & Admin Security","h2. Goal
SSO/MFA/SCIM, least privilege, service accounts, session/IP controls, purpose-aware ABAC

h2. Scope
Prefixes: IAM
MUST stories: 20
Phase: 0

h2. Exit
All child MUST stories Done; golden gates for phase met; Upgrade Pack principles P1–P8 not violated.","Identity, RBAC/ABAC & Admin Security",,"phase-0,visibility,security,epic",Highest,IAM,0,20 MUST requirements verified; phase 0 exit gate.,IAM
Epic,EPIC-P0-03: Event Fabric & Data Platform,"h2. Goal
Normalized envelope, schema registry, stream ingest, stores separation, retention hooks

h2. Scope
Prefixes: DATA
MUST stories: 25
Phase: 0

h2. Exit
All child MUST stories Done; golden gates for phase met; Upgrade Pack principles P1–P8 not violated.",Event Fabric & Data Platform,,"phase-0,visibility,data-plane,epic",Highest,DATA,0,25 MUST requirements verified; phase 0 exit gate.,DATA
Epic,EPIC-P0-04: Privacy Defaults & Governance Runtime,"h2. Goal
Level-1 defaults, purpose limitation, Do Not Record hooks, focused expiry plumbing

h2. Scope
Prefixes: PRIV
MUST stories: 30
Phase: 0

h2. Exit
All child MUST stories Done; golden gates for phase met; Upgrade Pack principles P1–P8 not violated.",Privacy Defaults & Governance Runtime,,"phase-0,visibility,privacy,epic",Highest,PRIV,0,30 MUST requirements verified; phase 0 exit gate.,PRIV
Epic,EPIC-P0-05: Signed Agent Framework & Fleet Core,"h2. Goal
Common agent runtime, signing, check-in, offline queue, tamper, policy apply, capability awareness

h2. Scope
Prefixes: AGENT
MUST stories: 33
Phase: 0

h2. Exit
All child MUST stories Done; golden gates for phase met; Upgrade Pack principles P1–P8 not violated.",Signed Agent Framework & Fleet Core,,"phase-0,visibility,endpoint,epic",Highest,AGENT,0,33 MUST requirements verified; phase 0 exit gate.,AGENT
Epic,"EPIC-P0-06: Platform SLO, Security & Observability Baseline","h2. Goal
NFR gates for agent resources, ingest freshness, isolation, SDLC, privacy defaults, simulation safety, coverage visibility

h2. Scope
Prefixes: NFR
MUST stories: 33
Phase: 0

h2. Exit
All child MUST stories Done; golden gates for phase met; Upgrade Pack principles P1–P8 not violated.","Platform SLO, Security & Observability Baseline",,"phase-0,visibility,nfr,epic",Highest,NFR,0,33 MUST requirements verified; phase 0 exit gate.,NFR
Epic,EPIC-P1-01: Windows Endpoint Agent GA,"h2. Goal
Windows collectors for metadata UAM with performance and privacy-safe failure modes

h2. Scope
Prefixes: AGENT-WIN
MUST stories: 10
Phase: 1

h2. Exit
All child MUST stories Done; golden gates for phase met; Upgrade Pack principles P1–P8 not violated.",Windows Endpoint Agent GA,,"phase-1,visibility,windows,epic",Highest,AGENT-WIN,1,10 MUST requirements verified; phase 1 exit gate.,AGENT-WIN
Epic,EPIC-P1-02: Application Monitoring (Metadata),"h2. Goal
App usage telemetry, classification hooks, exclusions

h2. Scope
Prefixes: UAM-APP
MUST stories: 18
Phase: 1

h2. Exit
All child MUST stories Done; golden gates for phase met; Upgrade Pack principles P1–P8 not violated.",Application Monitoring (Metadata),,"phase-1,visibility,uam,epic",Highest,UAM-APP,1,18 MUST requirements verified; phase 1 exit gate.,UAM-APP
Epic,EPIC-P1-03: Website & Search Monitoring (Metadata),"h2. Goal
Domain/URL metadata with Do Not Record and enrichment controls

h2. Scope
Prefixes: UAM-WEB
MUST stories: 20
Phase: 1

h2. Exit
All child MUST stories Done; golden gates for phase met; Upgrade Pack principles P1–P8 not violated.",Website & Search Monitoring (Metadata),,"phase-1,visibility,uam,epic",Highest,UAM-WEB,1,20 MUST requirements verified; phase 1 exit gate.,UAM-WEB
Epic,EPIC-P1-04: Active/Idle & Work-Time Monitoring,"h2. Goal
Session time, schedules, idle semantics without equating idle to poor performance

h2. Scope
Prefixes: UAM-TIME
MUST stories: 16
Phase: 1

h2. Exit
All child MUST stories Done; golden gates for phase met; Upgrade Pack principles P1–P8 not violated.",Active/Idle & Work-Time Monitoring,,"phase-1,visibility,uam,epic",Highest,UAM-TIME,1,16 MUST requirements verified; phase 1 exit gate.,UAM-TIME
Epic,"EPIC-P1-05: File, USB, Print & Transfer Metadata","h2. Goal
File/doc/USB/print/transfer metadata collectors and lineage hooks (no Level-3 content by default)

h2. Scope
Prefixes: UAM-FILE
MUST stories: 30
Phase: 1

h2. Exit
All child MUST stories Done; golden gates for phase met; Upgrade Pack principles P1–P8 not violated.","File, USB, Print & Transfer Metadata",,"phase-1,visibility,uam,epic",Highest,UAM-FILE,1,30 MUST requirements verified; phase 1 exit gate.,UAM-FILE
Epic,EPIC-P1-06: Network Metadata Monitoring,"h2. Goal
Connection/process metadata context without packet capture

h2. Scope
Prefixes: UAM-NET
MUST stories: 14
Phase: 1

h2. Exit
All child MUST stories Done; golden gates for phase met; Upgrade Pack principles P1–P8 not violated.",Network Metadata Monitoring,,"phase-1,visibility,uam,epic",Highest,UAM-NET,1,14 MUST requirements verified; phase 1 exit gate.,UAM-NET
Epic,"EPIC-P1-07: Dashboards, Reporting & Search (Visibility)","h2. Goal
Role-aware dashboards, reports, search over authorized metadata with coverage indicators

h2. Scope
Prefixes: DASH
MUST stories: 20
Phase: 1

h2. Exit
All child MUST stories Done; golden gates for phase met; Upgrade Pack principles P1–P8 not violated.","Dashboards, Reporting & Search (Visibility)",,"phase-1,visibility,ux,epic",Highest,DASH,1,20 MUST requirements verified; phase 1 exit gate.,DASH
Story,ORG-001: Multi-tenant organization model,"h2. Normative
The platform shall isolate configuration, telemetry, evidence, models, encryption context, retention and billing by tenant.

h2. Acceptance (v1.2)
Create tenants A/B; write telemetry to A; B UI/API/search/AI return deny/empty; audit authz.cross_tenant.denied.

h2. Traceability
* Requirement: ORG-001
* Edition: Visibility
* Strategy: SURPASS
* Release gate: Visibility GA
* Parent epic: EPIC-P0-01
",,EPIC-P0-01,"phase-0,visibility,control-plane,req-id,must,org-001",Highest,ORG-001,0,Create tenants A/B; write telemetry to A; B UI/API/search/AI return deny/empty; audit authz.cross_tenant.denied.,ORG
Story,ORG-002: Create and manage business units with inherited and overridden policy scope,"h2. Normative
The platform shall create and manage business units with inherited and overridden policy scope.

h2. Acceptance (v1.2)
Given synthetic fixtures for tenant A; when exercising `ORG-002`; then normative behavior is observable via UI/API/events/audit within applicable NFR latency; unauthorized tenant/role/purpose denied with audit; gate `Visibility GA` checks pass. Min: 1 positive + 1 negative automated test linked to this ID.

h2. Traceability
* Requirement: ORG-002
* Edition: Visibility
* Strategy: ADAPT
* Release gate: Visibility GA
* Parent epic: EPIC-P0-01
",,EPIC-P0-01,"phase-0,visibility,control-plane,req-id,must,org-002",High,ORG-002,0,Given synthetic fixtures for tenant A; when exercising `ORG-002`; then normative behavior is observable via UI/API/events/audit within applicable NFR latency; unauthorized tenant/role/purpose denied with audit; gate `Visibility GA` checks pass. Min: 1 positive + 1 negative automated test linked to this ID.,ORG
Story,"ORG-003: Create departments, teams, locations and cost centers and support nested organizational hierarchy","h2. Normative
The platform shall create departments, teams, locations and cost centers and support nested organizational hierarchy.

h2. Acceptance (v1.2)
Given synthetic fixtures for tenant A; when exercising `ORG-003`; then normative behavior is observable via UI/API/events/audit within applicable NFR latency; unauthorized tenant/role/purpose denied with audit; gate `Visibility GA` checks pass. Min: 1 positive + 1 negative automated test linked to this ID.

h2. Traceability
* Requirement: ORG-003
* Edition: Visibility
* Strategy: ADAPT
* Release gate: Visibility GA
* Parent epic: EPIC-P0-01
",,EPIC-P0-01,"phase-0,visibility,control-plane,req-id,must,org-003",High,ORG-003,0,Given synthetic fixtures for tenant A; when exercising `ORG-003`; then normative behavior is observable via UI/API/events/audit within applicable NFR latency; unauthorized tenant/role/purpose denied with audit; gate `Visibility GA` checks pass. Min: 1 positive + 1 negative automated test linked to this ID.,ORG
Story,ORG-004: Assign users to multiple organizational dimensions without duplicating identity,"h2. Normative
The platform shall assign users to multiple organizational dimensions without duplicating identity.

h2. Acceptance (v1.2)
Given synthetic fixtures for tenant A; when exercising `ORG-004`; then normative behavior is observable via UI/API/events/audit within applicable NFR latency; unauthorized tenant/role/purpose denied with audit; gate `Visibility GA` checks pass. Min: 1 positive + 1 negative automated test linked to this ID.

h2. Traceability
* Requirement: ORG-004
* Edition: Visibility
* Strategy: ADAPT
* Release gate: Visibility GA
* Parent epic: EPIC-P0-01
",,EPIC-P0-01,"phase-0,visibility,control-plane,req-id,must,org-004",High,ORG-004,0,Given synthetic fixtures for tenant A; when exercising `ORG-004`; then normative behavior is observable via UI/API/events/audit within applicable NFR latency; unauthorized tenant/role/purpose denied with audit; gate `Visibility GA` checks pass. Min: 1 positive + 1 negative automated test linked to this ID.,ORG
Story,"ORG-005: Create static user groups for policy, reporting and investigation scope","h2. Normative
The platform shall create static user groups for policy, reporting and investigation scope.

h2. Acceptance (v1.2)
Given synthetic fixtures for tenant A; when exercising `ORG-005`; then normative behavior is observable via UI/API/events/audit within applicable NFR latency; unauthorized tenant/role/purpose denied with audit; gate `Visibility GA` checks pass. Min: 1 positive + 1 negative automated test linked to this ID.

h2. Traceability
* Requirement: ORG-005
* Edition: Visibility
* Strategy: ADAPT
* Release gate: Visibility GA
* Parent epic: EPIC-P0-01
",,EPIC-P0-01,"phase-0,visibility,control-plane,req-id,must,org-005",High,ORG-005,0,Given synthetic fixtures for tenant A; when exercising `ORG-005`; then normative behavior is observable via UI/API/events/audit within applicable NFR latency; unauthorized tenant/role/purpose denied with audit; gate `Visibility GA` checks pass. Min: 1 positive + 1 negative automated test linked to this ID.,ORG
Story,"ORG-006: Create dynamic groups from identity, HR, risk, device, role, location and employment-state attributes","h2. Normative
The platform shall create dynamic groups from identity, HR, risk, device, role, location and employment-state attributes.

h2. Acceptance (v1.2)
Given synthetic fixtures for tenant A; when exercising `ORG-006`; then normative behavior is observable via UI/API/events/audit within applicable NFR latency; unauthorized tenant/role/purpose denied with audit; gate `Visibility GA` checks pass. Min: 1 positive + 1 negative automated test linked to this ID.

h2. Traceability
* Requirement: ORG-006
* Edition: Visibility
* Strategy: ADAPT
* Release gate: Visibility GA
* Parent epic: EPIC-P0-01
",,EPIC-P0-01,"phase-0,visibility,control-plane,req-id,must,org-006",High,ORG-006,0,Given synthetic fixtures for tenant A; when exercising `ORG-006`; then normative behavior is observable via UI/API/events/audit within applicable NFR latency; unauthorized tenant/role/purpose denied with audit; gate `Visibility GA` checks pass. Min: 1 positive + 1 negative automated test linked to this ID.,ORG
Story,ORG-007: Create priority/high-impact user groups with stricter governance and differentiated risk treatment,"h2. Normative
The platform shall create priority/high-impact user groups with stricter governance and differentiated risk treatment.

h2. Acceptance (v1.2)
Given synthetic fixtures for tenant A; when exercising `ORG-007`; then normative behavior is observable via UI/API/events/audit within applicable NFR latency; unauthorized tenant/role/purpose denied with audit; gate `Visibility GA` checks pass. Min: 1 positive + 1 negative automated test linked to this ID.

h2. Traceability
* Requirement: ORG-007
* Edition: Visibility
* Strategy: ADAPT
* Release gate: Visibility GA
* Parent epic: EPIC-P0-01
",,EPIC-P0-01,"phase-0,visibility,control-plane,req-id,must,org-007",High,ORG-007,0,Given synthetic fixtures for tenant A; when exercising `ORG-007`; then normative behavior is observable via UI/API/events/audit within applicable NFR latency; unauthorized tenant/role/purpose denied with audit; gate `Visibility GA` checks pass. Min: 1 positive + 1 negative automated test linked to this ID.,ORG
Story,ORG-008: Import and reconcile organizational hierarchy from directory and HR sources,"h2. Normative
The platform shall import and reconcile organizational hierarchy from directory and HR sources.

h2. Acceptance (v1.2)
Given synthetic fixtures for tenant A; when exercising `ORG-008`; then normative behavior is observable via UI/API/events/audit within applicable NFR latency; unauthorized tenant/role/purpose denied with audit; gate `Visibility GA` checks pass. Min: 1 positive + 1 negative automated test linked to this ID.

h2. Traceability
* Requirement: ORG-008
* Edition: Visibility
* Strategy: ADAPT
* Release gate: Visibility GA
* Parent epic: EPIC-P0-01
",,EPIC-P0-01,"phase-0,visibility,control-plane,req-id,must,org-008",High,ORG-008,0,Given synthetic fixtures for tenant A; when exercising `ORG-008`; then normative behavior is observable via UI/API/events/audit within applicable NFR latency; unauthorized tenant/role/purpose denied with audit; gate `Visibility GA` checks pass. Min: 1 positive + 1 negative automated test linked to this ID.,ORG
Story,"ORG-009: Support custom user metadata fields with schema, validation and sensitivity classification","h2. Normative
The platform shall support custom user metadata fields with schema, validation and sensitivity classification.

h2. Acceptance (v1.2)
Given synthetic fixtures for tenant A; when exercising `ORG-009`; then normative behavior is observable via UI/API/events/audit within applicable NFR latency; unauthorized tenant/role/purpose denied with audit; gate `Visibility GA` checks pass. Min: 1 positive + 1 negative automated test linked to this ID.

h2. Traceability
* Requirement: ORG-009
* Edition: Visibility
* Strategy: ADAPT
* Release gate: Visibility GA
* Parent epic: EPIC-P0-01
",,EPIC-P0-01,"phase-0,visibility,control-plane,req-id,must,org-009",High,ORG-009,0,Given synthetic fixtures for tenant A; when exercising `ORG-009`; then normative behavior is observable via UI/API/events/audit within applicable NFR latency; unauthorized tenant/role/purpose denied with audit; gate `Visibility GA` checks pass. Min: 1 positive + 1 negative automated test linked to this ID.,ORG
Story,"ORG-010: Support configurable work schedules, shifts, time zones, holidays and overnight schedules","h2. Normative
The platform shall support configurable work schedules, shifts, time zones, holidays and overnight schedules.

h2. Acceptance (v1.2)
Given synthetic fixtures for tenant A; when exercising `ORG-010`; then normative behavior is observable via UI/API/events/audit within applicable NFR latency; unauthorized tenant/role/purpose denied with audit; gate `Visibility GA` checks pass. Min: 1 positive + 1 negative automated test linked to this ID.

h2. Traceability
* Requirement: ORG-010
* Edition: Visibility
* Strategy: ADAPT
* Release gate: Visibility GA
* Parent epic: EPIC-P0-01
",,EPIC-P0-01,"phase-0,visibility,control-plane,req-id,must,org-010",High,ORG-010,0,Given synthetic fixtures for tenant A; when exercising `ORG-010`; then normative behavior is observable via UI/API/events/audit within applicable NFR latency; unauthorized tenant/role/purpose denied with audit; gate `Visibility GA` checks pass. Min: 1 positive + 1 negative automated test linked to this ID.,ORG
Story,"ORG-011: Maintain employment lifecycle states including pre-hire, active, leave, notice period, terminated and contractor expiration","h2. Normative
The platform shall maintain employment lifecycle states including pre-hire, active, leave, notice period, terminated and contractor expiration.

h2. Acceptance (v1.2)
Given synthetic fixtures for tenant A; when exercising `ORG-011`; then normative behavior is observable via UI/API/events/audit within applicable NFR latency; unauthorized tenant/role/purpose denied with audit; gate `Visibility GA` checks pass. Min: 1 positive + 1 negative automated test linked to this ID.

h2. Traceability
* Requirement: ORG-011
* Edition: Visibility
* Strategy: ADAPT
* Release gate: Visibility GA
* Parent epic: EPIC-P0-01
",,EPIC-P0-01,"phase-0,visibility,control-plane,req-id,must,org-011",High,ORG-011,0,Given synthetic fixtures for tenant A; when exercising `ORG-011`; then normative behavior is observable via UI/API/events/audit within applicable NFR latency; unauthorized tenant/role/purpose denied with audit; gate `Visibility GA` checks pass. Min: 1 positive + 1 negative automated test linked to this ID.,ORG
Story,ORG-012: Maintain manager relationships and authorized managerial scope for workforce analytics,"h2. Normative
The platform shall maintain manager relationships and authorized managerial scope for workforce analytics.

h2. Acceptance (v1.2)
Given synthetic fixtures for tenant A; when exercising `ORG-012`; then normative behavior is observable via UI/API/events/audit within applicable NFR latency; unauthorized tenant/role/purpose denied with audit; gate `Visibility GA` checks pass. Min: 1 positive + 1 negative automated test linked to this ID.

h2. Traceability
* Requirement: ORG-012
* Edition: Visibility
* Strategy: ADAPT
* Release gate: Visibility GA
* Parent epic: EPIC-P0-01
",,EPIC-P0-01,"phase-0,visibility,control-plane,req-id,must,org-012",High,ORG-012,0,Given synthetic fixtures for tenant A; when exercising `ORG-012`; then normative behavior is observable via UI/API/events/audit within applicable NFR latency; unauthorized tenant/role/purpose denied with audit; gate `Visibility GA` checks pass. Min: 1 positive + 1 negative automated test linked to this ID.,ORG
Story,"ORG-013: Allow organization-level feature flags and controlled rollout by tenant, group and user","h2. Normative
The platform shall allow organization-level feature flags and controlled rollout by tenant, group and user.

h2. Acceptance (v1.2)
Given synthetic fixtures for tenant A; when exercising `ORG-013`; then normative behavior is observable via UI/API/events/audit within applicable NFR latency; unauthorized tenant/role/purpose denied with audit; gate `Visibility GA` checks pass. Min: 1 positive + 1 negative automated test linked to this ID.

h2. Traceability
* Requirement: ORG-013
* Edition: Visibility
* Strategy: ADAPT
* Release gate: Visibility GA
* Parent epic: EPIC-P0-01
",,EPIC-P0-01,"phase-0,visibility,control-plane,req-id,must,org-013",High,ORG-013,0,Given synthetic fixtures for tenant A; when exercising `ORG-013`; then normative behavior is observable via UI/API/events/audit within applicable NFR latency; unauthorized tenant/role/purpose denied with audit; gate `Visibility GA` checks pass. Min: 1 positive + 1 negative automated test linked to this ID.,ORG
Story,"ORG-014: Provide bulk import, bulk edit and bulk assignment workflows with preview and rollback","h2. Normative
The platform shall provide bulk import, bulk edit and bulk assignment workflows with preview and rollback.

h2. Acceptance (v1.2)
Given synthetic fixtures for tenant A; when exercising `ORG-014`; then normative behavior is observable via UI/API/events/audit within applicable NFR latency; unauthorized tenant/role/purpose denied with audit; gate `Visibility GA` checks pass. Min: 1 positive + 1 negative automated test linked to this ID.

h2. Traceability
* Requirement: ORG-014
* Edition: Visibility
* Strategy: ADAPT
* Release gate: Visibility GA
* Parent epic: EPIC-P0-01
",,EPIC-P0-01,"phase-0,visibility,control-plane,req-id,must,org-014",High,ORG-014,0,Given synthetic fixtures for tenant A; when exercising `ORG-014`; then normative behavior is observable via UI/API/events/audit within applicable NFR latency; unauthorized tenant/role/purpose denied with audit; gate `Visibility GA` checks pass. Min: 1 positive + 1 negative automated test linked to this ID.,ORG
Story,ORG-015: Maintain immutable organization-change audit history with before and after values,"h2. Normative
The platform shall maintain immutable organization-change audit history with before and after values.

h2. Acceptance (v1.2)
Given synthetic fixtures for tenant A; when exercising `ORG-015`; then normative behavior is observable via UI/API/events/audit within applicable NFR latency; unauthorized tenant/role/purpose denied with audit; gate `Visibility GA` checks pass. Min: 1 positive + 1 negative automated test linked to this ID.

h2. Traceability
* Requirement: ORG-015
* Edition: Visibility
* Strategy: ADAPT
* Release gate: Visibility GA
* Parent epic: EPIC-P0-01
",,EPIC-P0-01,"phase-0,visibility,control-plane,req-id,must,org-015",High,ORG-015,0,Given synthetic fixtures for tenant A; when exercising `ORG-015`; then normative behavior is observable via UI/API/events/audit within applicable NFR latency; unauthorized tenant/role/purpose denied with audit; gate `Visibility GA` checks pass. Min: 1 positive + 1 negative automated test linked to this ID.,ORG
Story,IAM-001: Role-based access control,"h2. Normative
The platform shall provide granular RBAC for administration, monitoring, risk, investigation, reporting, privacy, evidence reveal, export and integration actions.

h2. Acceptance (v1.2)
RBAC matrix: each role can only access granted modules; negative tests for investigator vs manager.

h2. Traceability
* Requirement: IAM-001
* Edition: Visibility
* Strategy: ADAPT
* Release gate: Visibility GA
* Parent epic: EPIC-P0-02
",,EPIC-P0-02,"phase-0,visibility,security,req-id,must,iam-001",High,IAM-001,0,RBAC matrix: each role can only access granted modules; negative tests for investigator vs manager.,IAM
Story,IAM-002: Attribute-based access control,"h2. Normative
The platform shall supplement RBAC with ABAC conditions for department, jurisdiction, purpose, case membership, sensitivity and risk context.

h2. Acceptance (v1.2)
ABAC deny when purpose/case/jurisdiction mismatch even if role allows module.

h2. Traceability
* Requirement: IAM-002
* Edition: Visibility
* Strategy: SURPASS
* Release gate: Visibility GA
* Parent epic: EPIC-P0-02
",,EPIC-P0-02,"phase-0,visibility,security,req-id,must,iam-002",Highest,IAM-002,0,ABAC deny when purpose/case/jurisdiction mismatch even if role allows module.,IAM
Story,IAM-003: Support least-privilege custom roles and permission bundles,"h2. Normative
The platform shall support least-privilege custom roles and permission bundles.

h2. Acceptance (v1.2)
Given synthetic fixtures for tenant A; when exercising `IAM-003`; then normative behavior is observable via UI/API/events/audit within applicable NFR latency; unauthorized tenant/role/purpose denied with audit; gate `Visibility GA` checks pass. Min: 1 positive + 1 negative automated test linked to this ID.

h2. Traceability
* Requirement: IAM-003
* Edition: Visibility
* Strategy: ADAPT
* Release gate: Visibility GA
* Parent epic: EPIC-P0-02
",,EPIC-P0-02,"phase-0,visibility,security,req-id,must,iam-003",High,IAM-003,0,Given synthetic fixtures for tenant A; when exercising `IAM-003`; then normative behavior is observable via UI/API/events/audit within applicable NFR latency; unauthorized tenant/role/purpose denied with audit; gate `Visibility GA` checks pass. Min: 1 positive + 1 negative automated test linked to this ID.,IAM
Story,IAM-004: Support SSO using SAML 2.0 and OpenID Connect,"h2. Normative
The platform shall support SSO using SAML 2.0 and OpenID Connect.

h2. Acceptance (v1.2)
Given synthetic fixtures for tenant A; when exercising `IAM-004`; then normative behavior is observable via UI/API/events/audit within applicable NFR latency; unauthorized tenant/role/purpose denied with audit; gate `Visibility GA` checks pass. Min: 1 positive + 1 negative automated test linked to this ID.

h2. Traceability
* Requirement: IAM-004
* Edition: Visibility
* Strategy: ADAPT
* Release gate: Visibility GA
* Parent epic: EPIC-P0-02
",,EPIC-P0-02,"phase-0,visibility,security,req-id,must,iam-004",High,IAM-004,0,Given synthetic fixtures for tenant A; when exercising `IAM-004`; then normative behavior is observable via UI/API/events/audit within applicable NFR latency; unauthorized tenant/role/purpose denied with audit; gate `Visibility GA` checks pass. Min: 1 positive + 1 negative automated test linked to this ID.,IAM
Story,IAM-005: Support MFA enforcement and step-up authentication for sensitive evidence actions,"h2. Normative
The platform shall support MFA enforcement and step-up authentication for sensitive evidence actions.

h2. Acceptance (v1.2)
Given synthetic fixtures for tenant A; when exercising `IAM-005`; then normative behavior is observable via UI/API/events/audit within applicable NFR latency; unauthorized tenant/role/purpose denied with audit; gate `Visibility GA` checks pass. Min: 1 positive + 1 negative automated test linked to this ID.

h2. Traceability
* Requirement: IAM-005
* Edition: Visibility
* Strategy: ADAPT
* Release gate: Visibility GA
* Parent epic: EPIC-P0-02
",,EPIC-P0-02,"phase-0,visibility,security,req-id,must,iam-005",High,IAM-005,0,Given synthetic fixtures for tenant A; when exercising `IAM-005`; then normative behavior is observable via UI/API/events/audit within applicable NFR latency; unauthorized tenant/role/purpose denied with audit; gate `Visibility GA` checks pass. Min: 1 positive + 1 negative automated test linked to this ID.,IAM
Story,IAM-006: Support SCIM 2.0 user and group provisioning,"h2. Normative
The platform shall support SCIM 2.0 user and group provisioning.

h2. Acceptance (v1.2)
Given synthetic fixtures for tenant A; when exercising `IAM-006`; then normative behavior is observable via UI/API/events/audit within applicable NFR latency; unauthorized tenant/role/purpose denied with audit; gate `Visibility GA` checks pass. Min: 1 positive + 1 negative automated test linked to this ID.

h2. Traceability
* Requirement: IAM-006
* Edition: Visibility
* Strategy: ADAPT
* Release gate: Visibility GA
* Parent epic: EPIC-P0-02
",,EPIC-P0-02,"phase-0,visibility,security,req-id,must,iam-006",High,IAM-006,0,Given synthetic fixtures for tenant A; when exercising `IAM-006`; then normative behavior is observable via UI/API/events/audit within applicable NFR latency; unauthorized tenant/role/purpose denied with audit; gate `Visibility GA` checks pass. Min: 1 positive + 1 negative automated test linked to this ID.,IAM
Story,IAM-007: Support directory synchronization with Microsoft Entra ID and Active Directory,"h2. Normative
The platform shall support directory synchronization with Microsoft Entra ID and Active Directory.

h2. Acceptance (v1.2)
Given synthetic fixtures for tenant A; when exercising `IAM-007`; then normative behavior is observable via UI/API/events/audit within applicable NFR latency; unauthorized tenant/role/purpose denied with audit; gate `Visibility GA` checks pass. Min: 1 positive + 1 negative automated test linked to this ID.

h2. Traceability
* Requirement: IAM-007
* Edition: Visibility
* Strategy: ADAPT
* Release gate: Visibility GA
* Parent epic: EPIC-P0-02
",,EPIC-P0-02,"phase-0,visibility,security,req-id,must,iam-007",High,IAM-007,0,Given synthetic fixtures for tenant A; when exercising `IAM-007`; then normative behavior is observable via UI/API/events/audit within applicable NFR latency; unauthorized tenant/role/purpose denied with audit; gate `Visibility GA` checks pass. Min: 1 positive + 1 negative automated test linked to this ID.,IAM
Story,IAM-008: Support identity-provider group-to-role mapping,"h2. Normative
The platform shall support identity-provider group-to-role mapping.

h2. Acceptance (v1.2)
Given synthetic fixtures for tenant A; when exercising `IAM-008`; then normative behavior is observable via UI/API/events/audit within applicable NFR latency; unauthorized tenant/role/purpose denied with audit; gate `Visibility GA` checks pass. Min: 1 positive + 1 negative automated test linked to this ID.

h2. Traceability
* Requirement: IAM-008
* Edition: Visibility
* Strategy: ADAPT
* Release gate: Visibility GA
* Parent epic: EPIC-P0-02
",,EPIC-P0-02,"phase-0,visibility,security,req-id,must,iam-008",High,IAM-008,0,Given synthetic fixtures for tenant A; when exercising `IAM-008`; then normative behavior is observable via UI/API/events/audit within applicable NFR latency; unauthorized tenant/role/purpose denied with audit; gate `Visibility GA` checks pass. Min: 1 positive + 1 negative automated test linked to this ID.,IAM
Story,IAM-009: Support service accounts and scoped machine identities distinct from human administrators,"h2. Normative
The platform shall support service accounts and scoped machine identities distinct from human administrators.

h2. Acceptance (v1.2)
Given synthetic fixtures for tenant A; when exercising `IAM-009`; then normative behavior is observable via UI/API/events/audit within applicable NFR latency; unauthorized tenant/role/purpose denied with audit; gate `Visibility GA` checks pass. Min: 1 positive + 1 negative automated test linked to this ID.

h2. Traceability
* Requirement: IAM-009
* Edition: Visibility
* Strategy: ADAPT
* Release gate: Visibility GA
* Parent epic: EPIC-P0-02
",,EPIC-P0-02,"phase-0,visibility,security,req-id,must,iam-009",High,IAM-009,0,Given synthetic fixtures for tenant A; when exercising `IAM-009`; then normative behavior is observable via UI/API/events/audit within applicable NFR latency; unauthorized tenant/role/purpose denied with audit; gate `Visibility GA` checks pass. Min: 1 positive + 1 negative automated test linked to this ID.,IAM
Story,"IAM-010: Support API clients with revocable scopes, secrets rotation and optional mTLS","h2. Normative
The platform shall support API clients with revocable scopes, secrets rotation and optional mTLS.

h2. Acceptance (v1.2)
Given synthetic fixtures for tenant A; when exercising `IAM-010`; then normative behavior is observable via UI/API/events/audit within applicable NFR latency; unauthorized tenant/role/purpose denied with audit; gate `Visibility GA` checks pass. Min: 1 positive + 1 negative automated test linked to this ID.

h2. Traceability
* Requirement: IAM-010
* Edition: Visibility
* Strategy: ADAPT
* Release gate: Visibility GA
* Parent epic: EPIC-P0-02
",,EPIC-P0-02,"phase-0,visibility,security,req-id,must,iam-010",High,IAM-010,0,Given synthetic fixtures for tenant A; when exercising `IAM-010`; then normative behavior is observable via UI/API/events/audit within applicable NFR latency; unauthorized tenant/role/purpose denied with audit; gate `Visibility GA` checks pass. Min: 1 positive + 1 negative automated test linked to this ID.,IAM
Story,"IAM-011: Support session timeout, re-authentication and concurrent-session policy","h2. Normative
The platform shall support session timeout, re-authentication and concurrent-session policy.

h2. Acceptance (v1.2)
Given synthetic fixtures for tenant A; when exercising `IAM-011`; then normative behavior is observable via UI/API/events/audit within applicable NFR latency; unauthorized tenant/role/purpose denied with audit; gate `Visibility GA` checks pass. Min: 1 positive + 1 negative automated test linked to this ID.

h2. Traceability
* Requirement: IAM-011
* Edition: Visibility
* Strategy: ADAPT
* Release gate: Visibility GA
* Parent epic: EPIC-P0-02
",,EPIC-P0-02,"phase-0,visibility,security,req-id,must,iam-011",High,IAM-011,0,Given synthetic fixtures for tenant A; when exercising `IAM-011`; then normative behavior is observable via UI/API/events/audit within applicable NFR latency; unauthorized tenant/role/purpose denied with audit; gate `Visibility GA` checks pass. Min: 1 positive + 1 negative automated test linked to this ID.,IAM
Story,IAM-012: Support IP/network restrictions for administrative access,"h2. Normative
The platform shall support IP/network restrictions for administrative access.

h2. Acceptance (v1.2)
Given synthetic fixtures for tenant A; when exercising `IAM-012`; then normative behavior is observable via UI/API/events/audit within applicable NFR latency; unauthorized tenant/role/purpose denied with audit; gate `Visibility GA` checks pass. Min: 1 positive + 1 negative automated test linked to this ID.

h2. Traceability
* Requirement: IAM-012
* Edition: Visibility
* Strategy: ADAPT
* Release gate: Visibility GA
* Parent epic: EPIC-P0-02
",,EPIC-P0-02,"phase-0,visibility,security,req-id,must,iam-012",High,IAM-012,0,Given synthetic fixtures for tenant A; when exercising `IAM-012`; then normative behavior is observable via UI/API/events/audit within applicable NFR latency; unauthorized tenant/role/purpose denied with audit; gate `Visibility GA` checks pass. Min: 1 positive + 1 negative automated test linked to this ID.,IAM
Story,IAM-013: Support emergency break-glass accounts with enhanced auditing,"h2. Normative
The platform shall support emergency break-glass accounts with enhanced auditing.

h2. Acceptance (v1.2)
Given synthetic fixtures for tenant A; when exercising `IAM-013`; then normative behavior is observable via UI/API/events/audit within applicable NFR latency; unauthorized tenant/role/purpose denied with audit; gate `Visibility GA` checks pass. Min: 1 positive + 1 negative automated test linked to this ID.

h2. Traceability
* Requirement: IAM-013
* Edition: Visibility
* Strategy: ADAPT
* Release gate: Visibility GA
* Parent epic: EPIC-P0-02
",,EPIC-P0-02,"phase-0,visibility,security,req-id,must,iam-013",High,IAM-013,0,Given synthetic fixtures for tenant A; when exercising `IAM-013`; then normative behavior is observable via UI/API/events/audit within applicable NFR latency; unauthorized tenant/role/purpose denied with audit; gate `Visibility GA` checks pass. Min: 1 positive + 1 negative automated test linked to this ID.,IAM
Story,IAM-014: Support dual authorization for focused evidence collection and highly sensitive evidence reveal,"h2. Normative
The platform shall support dual authorization for focused evidence collection and highly sensitive evidence reveal.

h2. Acceptance (v1.2)
Given synthetic fixtures for tenant A; when exercising `IAM-014`; then normative behavior is observable via UI/API/events/audit within applicable NFR latency; unauthorized tenant/role/purpose denied with audit; gate `Visibility GA` checks pass. Min: 1 positive + 1 negative automated test linked to this ID.

h2. Traceability
* Requirement: IAM-014
* Edition: Visibility
* Strategy: ADAPT
* Release gate: Visibility GA
* Parent epic: EPIC-P0-02
",,EPIC-P0-02,"phase-0,visibility,security,req-id,must,iam-014",High,IAM-014,0,Given synthetic fixtures for tenant A; when exercising `IAM-014`; then normative behavior is observable via UI/API/events/audit within applicable NFR latency; unauthorized tenant/role/purpose denied with audit; gate `Visibility GA` checks pass. Min: 1 positive + 1 negative automated test linked to this ID.,IAM
Story,"IAM-015: Support delegated administration by tenant, business unit, department and geography","h2. Normative
The platform shall support delegated administration by tenant, business unit, department and geography.

h2. Acceptance (v1.2)
Given synthetic fixtures for tenant A; when exercising `IAM-015`; then normative behavior is observable via UI/API/events/audit within applicable NFR latency; unauthorized tenant/role/purpose denied with audit; gate `Visibility GA` checks pass. Min: 1 positive + 1 negative automated test linked to this ID.

h2. Traceability
* Requirement: IAM-015
* Edition: Visibility
* Strategy: ADAPT
* Release gate: Visibility GA
* Parent epic: EPIC-P0-02
",,EPIC-P0-02,"phase-0,visibility,security,req-id,must,iam-015",High,IAM-015,0,Given synthetic fixtures for tenant A; when exercising `IAM-015`; then normative behavior is observable via UI/API/events/audit within applicable NFR latency; unauthorized tenant/role/purpose denied with audit; gate `Visibility GA` checks pass. Min: 1 positive + 1 negative automated test linked to this ID.,IAM
Story,IAM-016: Support investigator access limited to assigned cases and subjects,"h2. Normative
The platform shall support investigator access limited to assigned cases and subjects.

h2. Acceptance (v1.2)
Given synthetic fixtures for tenant A; when exercising `IAM-016`; then normative behavior is observable via UI/API/events/audit within applicable NFR latency; unauthorized tenant/role/purpose denied with audit; gate `Visibility GA` checks pass. Min: 1 positive + 1 negative automated test linked to this ID.

h2. Traceability
* Requirement: IAM-016
* Edition: Visibility
* Strategy: ADAPT
* Release gate: Visibility GA
* Parent epic: EPIC-P0-02
",,EPIC-P0-02,"phase-0,visibility,security,req-id,must,iam-016",High,IAM-016,0,Given synthetic fixtures for tenant A; when exercising `IAM-016`; then normative behavior is observable via UI/API/events/audit within applicable NFR latency; unauthorized tenant/role/purpose denied with audit; gate `Visibility GA` checks pass. Min: 1 positive + 1 negative automated test linked to this ID.,IAM
Story,IAM-017: Support auditor/read-only roles that cannot change policies or monitoring scope,"h2. Normative
The platform shall support auditor/read-only roles that cannot change policies or monitoring scope.

h2. Acceptance (v1.2)
Given synthetic fixtures for tenant A; when exercising `IAM-017`; then normative behavior is observable via UI/API/events/audit within applicable NFR latency; unauthorized tenant/role/purpose denied with audit; gate `Visibility GA` checks pass. Min: 1 positive + 1 negative automated test linked to this ID.

h2. Traceability
* Requirement: IAM-017
* Edition: Visibility
* Strategy: ADAPT
* Release gate: Visibility GA
* Parent epic: EPIC-P0-02
",,EPIC-P0-02,"phase-0,visibility,security,req-id,must,iam-017",High,IAM-017,0,Given synthetic fixtures for tenant A; when exercising `IAM-017`; then normative behavior is observable via UI/API/events/audit within applicable NFR latency; unauthorized tenant/role/purpose denied with audit; gate `Visibility GA` checks pass. Min: 1 positive + 1 negative automated test linked to this ID.,IAM
Story,IAM-018: Support purpose-of-access declaration before viewing restricted employee content,"h2. Normative
The platform shall support purpose-of-access declaration before viewing restricted employee content.

h2. Acceptance (v1.2)
Given synthetic fixtures for tenant A; when exercising `IAM-018`; then normative behavior is observable via UI/API/events/audit within applicable NFR latency; unauthorized tenant/role/purpose denied with audit; gate `Visibility GA` checks pass. Min: 1 positive + 1 negative automated test linked to this ID.

h2. Traceability
* Requirement: IAM-018
* Edition: Visibility
* Strategy: ADAPT
* Release gate: Visibility GA
* Parent epic: EPIC-P0-02
",,EPIC-P0-02,"phase-0,visibility,security,req-id,must,iam-018",High,IAM-018,0,Given synthetic fixtures for tenant A; when exercising `IAM-018`; then normative behavior is observable via UI/API/events/audit within applicable NFR latency; unauthorized tenant/role/purpose denied with audit; gate `Visibility GA` checks pass. Min: 1 positive + 1 negative automated test linked to this ID.,IAM
Story,"IAM-019: Log authentication, authorization decisions, evidence views, downloads and exports","h2. Normative
The platform shall log authentication, authorization decisions, evidence views, downloads and exports.

h2. Acceptance (v1.2)
Given synthetic fixtures for tenant A; when exercising `IAM-019`; then normative behavior is observable via UI/API/events/audit within applicable NFR latency; unauthorized tenant/role/purpose denied with audit; gate `Visibility GA` checks pass. Min: 1 positive + 1 negative automated test linked to this ID.

h2. Traceability
* Requirement: IAM-019
* Edition: Visibility
* Strategy: ADAPT
* Release gate: Visibility GA
* Parent epic: EPIC-P0-02
",,EPIC-P0-02,"phase-0,visibility,security,req-id,must,iam-019",High,IAM-019,0,Given synthetic fixtures for tenant A; when exercising `IAM-019`; then normative behavior is observable via UI/API/events/audit within applicable NFR latency; unauthorized tenant/role/purpose denied with audit; gate `Visibility GA` checks pass. Min: 1 positive + 1 negative automated test linked to this ID.,IAM
Story,IAM-020: Provide periodic access-review reports and stale-privilege detection,"h2. Normative
The platform shall provide periodic access-review reports and stale-privilege detection.

h2. Acceptance (v1.2)
Given synthetic fixtures for tenant A; when exercising `IAM-020`; then normative behavior is observable via UI/API/events/audit within applicable NFR latency; unauthorized tenant/role/purpose denied with audit; gate `Visibility GA` checks pass. Min: 1 positive + 1 negative automated test linked to this ID.

h2. Traceability
* Requirement: IAM-020
* Edition: Visibility
* Strategy: ADAPT
* Release gate: Visibility GA
* Parent epic: EPIC-P0-02
",,EPIC-P0-02,"phase-0,visibility,security,req-id,must,iam-020",High,IAM-020,0,Given synthetic fixtures for tenant A; when exercising `IAM-020`; then normative behavior is observable via UI/API/events/audit within applicable NFR latency; unauthorized tenant/role/purpose denied with audit; gate `Visibility GA` checks pass. Min: 1 positive + 1 negative automated test linked to this ID.,IAM
Story,DATA-001: Normalized event envelope,"h2. Normative
All telemetry shall use a versioned normalized event envelope containing event ID, tenant, event type/schema version, event and ingest time, user/identity, device/agent, source, policy context, classification, correlation IDs, provenance and typed payload.

h2. Acceptance (v1.2)
Every ingested event validates against registered envelope schema version; invalid rejected with stable error code.

h2. Traceability
* Requirement: DATA-001
* Edition: Visibility
* Strategy: SURPASS
* Release gate: Visibility GA
* Parent epic: EPIC-P0-03
",,EPIC-P0-03,"phase-0,visibility,data-plane,req-id,must,data-001",Highest,DATA-001,0,Every ingested event validates against registered envelope schema version; invalid rejected with stable error code.,DATA
Story,DATA-002: Use globally unique immutable event identifiers and deterministic deduplication keys,"h2. Normative
The platform shall use globally unique immutable event identifiers and deterministic deduplication keys.

h2. Acceptance (v1.2)
Given synthetic fixtures for tenant A; when exercising `DATA-002`; then normative behavior is observable via UI/API/events/audit within applicable NFR latency; unauthorized tenant/role/purpose denied with audit; gate `Visibility GA` checks pass. Min: 1 positive + 1 negative automated test linked to this ID.

h2. Traceability
* Requirement: DATA-002
* Edition: Visibility
* Strategy: ADAPT
* Release gate: Visibility GA
* Parent epic: EPIC-P0-03
",,EPIC-P0-03,"phase-0,visibility,data-plane,req-id,must,data-002",High,DATA-002,0,Given synthetic fixtures for tenant A; when exercising `DATA-002`; then normative behavior is observable via UI/API/events/audit within applicable NFR latency; unauthorized tenant/role/purpose denied with audit; gate `Visibility GA` checks pass. Min: 1 positive + 1 negative automated test linked to this ID.,DATA
Story,DATA-003: Preserve source event identifiers where available for reconciliation,"h2. Normative
The platform shall preserve source event identifiers where available for reconciliation.

h2. Acceptance (v1.2)
Given synthetic fixtures for tenant A; when exercising `DATA-003`; then normative behavior is observable via UI/API/events/audit within applicable NFR latency; unauthorized tenant/role/purpose denied with audit; gate `Visibility GA` checks pass. Min: 1 positive + 1 negative automated test linked to this ID.

h2. Traceability
* Requirement: DATA-003
* Edition: Visibility
* Strategy: ADAPT
* Release gate: Visibility GA
* Parent epic: EPIC-P0-03
",,EPIC-P0-03,"phase-0,visibility,data-plane,req-id,must,data-003",High,DATA-003,0,Given synthetic fixtures for tenant A; when exercising `DATA-003`; then normative behavior is observable via UI/API/events/audit within applicable NFR latency; unauthorized tenant/role/purpose denied with audit; gate `Visibility GA` checks pass. Min: 1 positive + 1 negative automated test linked to this ID.,DATA
Story,DATA-004: Normalize timestamps to UTC while preserving source timezone/offset,"h2. Normative
The platform shall normalize timestamps to UTC while preserving source timezone/offset.

h2. Acceptance (v1.2)
Given synthetic fixtures for tenant A; when exercising `DATA-004`; then normative behavior is observable via UI/API/events/audit within applicable NFR latency; unauthorized tenant/role/purpose denied with audit; gate `Visibility GA` checks pass. Min: 1 positive + 1 negative automated test linked to this ID.

h2. Traceability
* Requirement: DATA-004
* Edition: Visibility
* Strategy: ADAPT
* Release gate: Visibility GA
* Parent epic: EPIC-P0-03
",,EPIC-P0-03,"phase-0,visibility,data-plane,req-id,must,data-004",High,DATA-004,0,Given synthetic fixtures for tenant A; when exercising `DATA-004`; then normative behavior is observable via UI/API/events/audit within applicable NFR latency; unauthorized tenant/role/purpose denied with audit; gate `Visibility GA` checks pass. Min: 1 positive + 1 negative automated test linked to this ID.,DATA
Story,DATA-005: Version every event schema and maintain backward-compatible readers/migrations,"h2. Normative
The platform shall version every event schema and maintain backward-compatible readers/migrations.

h2. Acceptance (v1.2)
Given synthetic fixtures for tenant A; when exercising `DATA-005`; then normative behavior is observable via UI/API/events/audit within applicable NFR latency; unauthorized tenant/role/purpose denied with audit; gate `Visibility GA` checks pass. Min: 1 positive + 1 negative automated test linked to this ID.

h2. Traceability
* Requirement: DATA-005
* Edition: Visibility
* Strategy: ADAPT
* Release gate: Visibility GA
* Parent epic: EPIC-P0-03
",,EPIC-P0-03,"phase-0,visibility,data-plane,req-id,must,data-005",High,DATA-005,0,Given synthetic fixtures for tenant A; when exercising `DATA-005`; then normative behavior is observable via UI/API/events/audit within applicable NFR latency; unauthorized tenant/role/purpose denied with audit; gate `Visibility GA` checks pass. Min: 1 positive + 1 negative automated test linked to this ID.,DATA
Story,"DATA-006: Provide event taxonomy registry with ownership, sensitivity, retention and supported collectors","h2. Normative
The platform shall provide event taxonomy registry with ownership, sensitivity, retention and supported collectors.

h2. Acceptance (v1.2)
Given synthetic fixtures for tenant A; when exercising `DATA-006`; then normative behavior is observable via UI/API/events/audit within applicable NFR latency; unauthorized tenant/role/purpose denied with audit; gate `Visibility GA` checks pass. Min: 1 positive + 1 negative automated test linked to this ID.

h2. Traceability
* Requirement: DATA-006
* Edition: Visibility
* Strategy: ADAPT
* Release gate: Visibility GA
* Parent epic: EPIC-P0-03
",,EPIC-P0-03,"phase-0,visibility,data-plane,req-id,must,data-006",High,DATA-006,0,Given synthetic fixtures for tenant A; when exercising `DATA-006`; then normative behavior is observable via UI/API/events/audit within applicable NFR latency; unauthorized tenant/role/purpose denied with audit; gate `Visibility GA` checks pass. Min: 1 positive + 1 negative automated test linked to this ID.,DATA
Story,DATA-007: Use asynchronous high-throughput ingestion separate from transactional application requests,"h2. Normative
The platform shall use asynchronous high-throughput ingestion separate from transactional application requests.

h2. Acceptance (v1.2)
Given synthetic fixtures for tenant A; when exercising `DATA-007`; then normative behavior is observable via UI/API/events/audit within applicable NFR latency; unauthorized tenant/role/purpose denied with audit; gate `Visibility GA` checks pass. Min: 1 positive + 1 negative automated test linked to this ID.

h2. Traceability
* Requirement: DATA-007
* Edition: Visibility
* Strategy: ADAPT
* Release gate: Visibility GA
* Parent epic: EPIC-P0-03
",,EPIC-P0-03,"phase-0,visibility,data-plane,req-id,must,data-007",High,DATA-007,0,Given synthetic fixtures for tenant A; when exercising `DATA-007`; then normative behavior is observable via UI/API/events/audit within applicable NFR latency; unauthorized tenant/role/purpose denied with audit; gate `Visibility GA` checks pass. Min: 1 positive + 1 negative automated test linked to this ID.,DATA
Story,"DATA-008: Validate authentication, schema, tenant ownership and size limits at ingestion","h2. Normative
The platform shall validate authentication, schema, tenant ownership and size limits at ingestion.

h2. Acceptance (v1.2)
Given synthetic fixtures for tenant A; when exercising `DATA-008`; then normative behavior is observable via UI/API/events/audit within applicable NFR latency; unauthorized tenant/role/purpose denied with audit; gate `Visibility GA` checks pass. Min: 1 positive + 1 negative automated test linked to this ID.

h2. Traceability
* Requirement: DATA-008
* Edition: Visibility
* Strategy: ADAPT
* Release gate: Visibility GA
* Parent epic: EPIC-P0-03
",,EPIC-P0-03,"phase-0,visibility,data-plane,req-id,must,data-008",High,DATA-008,0,Given synthetic fixtures for tenant A; when exercising `DATA-008`; then normative behavior is observable via UI/API/events/audit within applicable NFR latency; unauthorized tenant/role/purpose denied with audit; gate `Visibility GA` checks pass. Min: 1 positive + 1 negative automated test linked to this ID.,DATA
Story,DATA-009: Route invalid/unprocessable events to dead-letter workflows with metrics and safe replay,"h2. Normative
The platform shall route invalid/unprocessable events to dead-letter workflows with metrics and safe replay.

h2. Acceptance (v1.2)
Given synthetic fixtures for tenant A; when exercising `DATA-009`; then normative behavior is observable via UI/API/events/audit within applicable NFR latency; unauthorized tenant/role/purpose denied with audit; gate `Visibility GA` checks pass. Min: 1 positive + 1 negative automated test linked to this ID.

h2. Traceability
* Requirement: DATA-009
* Edition: Visibility
* Strategy: ADAPT
* Release gate: Visibility GA
* Parent epic: EPIC-P0-03
",,EPIC-P0-03,"phase-0,visibility,data-plane,req-id,must,data-009",High,DATA-009,0,Given synthetic fixtures for tenant A; when exercising `DATA-009`; then normative behavior is observable via UI/API/events/audit within applicable NFR latency; unauthorized tenant/role/purpose denied with audit; gate `Visibility GA` checks pass. Min: 1 positive + 1 negative automated test linked to this ID.,DATA
Story,"DATA-010: Enrich events with organization, identity, application/domain taxonomy and policy context asynchronously","h2. Normative
The platform shall enrich events with organization, identity, application/domain taxonomy and policy context asynchronously.

h2. Acceptance (v1.2)
Given synthetic fixtures for tenant A; when exercising `DATA-010`; then normative behavior is observable via UI/API/events/audit within applicable NFR latency; unauthorized tenant/role/purpose denied with audit; gate `Visibility GA` checks pass. Min: 1 positive + 1 negative automated test linked to this ID.

h2. Traceability
* Requirement: DATA-010
* Edition: Visibility
* Strategy: ADAPT
* Release gate: Visibility GA
* Parent epic: EPIC-P0-03
",,EPIC-P0-03,"phase-0,visibility,data-plane,req-id,must,data-010",High,DATA-010,0,Given synthetic fixtures for tenant A; when exercising `DATA-010`; then normative behavior is observable via UI/API/events/audit within applicable NFR latency; unauthorized tenant/role/purpose denied with audit; gate `Visibility GA` checks pass. Min: 1 positive + 1 negative automated test linked to this ID.,DATA
Story,DATA-011: Support ordered partitioning/correlation keys where sequence reconstruction requires it,"h2. Normative
The platform shall support ordered partitioning/correlation keys where sequence reconstruction requires it.

h2. Acceptance (v1.2)
Given synthetic fixtures for tenant A; when exercising `DATA-011`; then normative behavior is observable via UI/API/events/audit within applicable NFR latency; unauthorized tenant/role/purpose denied with audit; gate `Visibility GA` checks pass. Min: 1 positive + 1 negative automated test linked to this ID.

h2. Traceability
* Requirement: DATA-011
* Edition: Visibility
* Strategy: ADAPT
* Release gate: Visibility GA
* Parent epic: EPIC-P0-03
",,EPIC-P0-03,"phase-0,visibility,data-plane,req-id,must,data-011",High,DATA-011,0,Given synthetic fixtures for tenant A; when exercising `DATA-011`; then normative behavior is observable via UI/API/events/audit within applicable NFR latency; unauthorized tenant/role/purpose denied with audit; gate `Visibility GA` checks pass. Min: 1 positive + 1 negative automated test linked to this ID.,DATA
Story,DATA-012: Store transactional control-plane data in a relational database appropriate for consistency,"h2. Normative
The platform shall store transactional control-plane data in a relational database appropriate for consistency.

h2. Acceptance (v1.2)
Given synthetic fixtures for tenant A; when exercising `DATA-012`; then normative behavior is observable via UI/API/events/audit within applicable NFR latency; unauthorized tenant/role/purpose denied with audit; gate `Visibility GA` checks pass. Min: 1 positive + 1 negative automated test linked to this ID.

h2. Traceability
* Requirement: DATA-012
* Edition: Visibility
* Strategy: ADAPT
* Release gate: Visibility GA
* Parent epic: EPIC-P0-03
",,EPIC-P0-03,"phase-0,visibility,data-plane,req-id,must,data-012",High,DATA-012,0,Given synthetic fixtures for tenant A; when exercising `DATA-012`; then normative behavior is observable via UI/API/events/audit within applicable NFR latency; unauthorized tenant/role/purpose denied with audit; gate `Visibility GA` checks pass. Min: 1 positive + 1 negative automated test linked to this ID.,DATA
Story,DATA-013: Store high-volume telemetry in a columnar/analytical event store designed for time-range aggregation,"h2. Normative
The platform shall store high-volume telemetry in a columnar/analytical event store designed for time-range aggregation.

h2. Acceptance (v1.2)
Given synthetic fixtures for tenant A; when exercising `DATA-013`; then normative behavior is observable via UI/API/events/audit within applicable NFR latency; unauthorized tenant/role/purpose denied with audit; gate `Visibility GA` checks pass. Min: 1 positive + 1 negative automated test linked to this ID.

h2. Traceability
* Requirement: DATA-013
* Edition: Visibility
* Strategy: ADAPT
* Release gate: Visibility GA
* Parent epic: EPIC-P0-03
",,EPIC-P0-03,"phase-0,visibility,data-plane,req-id,must,data-013",High,DATA-013,0,Given synthetic fixtures for tenant A; when exercising `DATA-013`; then normative behavior is observable via UI/API/events/audit within applicable NFR latency; unauthorized tenant/role/purpose denied with audit; gate `Visibility GA` checks pass. Min: 1 positive + 1 negative automated test linked to this ID.,DATA
Story,DATA-014: Store full-text/OCR investigation indexes in a dedicated search engine,"h2. Normative
The platform shall store full-text/OCR investigation indexes in a dedicated search engine.

h2. Acceptance (v1.2)
Given synthetic fixtures for tenant A; when exercising `DATA-014`; then normative behavior is observable via UI/API/events/audit within applicable NFR latency; unauthorized tenant/role/purpose denied with audit; gate `Visibility GA` checks pass. Min: 1 positive + 1 negative automated test linked to this ID.

h2. Traceability
* Requirement: DATA-014
* Edition: Visibility
* Strategy: ADAPT
* Release gate: Visibility GA
* Parent epic: EPIC-P0-03
",,EPIC-P0-03,"phase-0,visibility,data-plane,req-id,must,data-014",High,DATA-014,0,Given synthetic fixtures for tenant A; when exercising `DATA-014`; then normative behavior is observable via UI/API/events/audit within applicable NFR latency; unauthorized tenant/role/purpose denied with audit; gate `Visibility GA` checks pass. Min: 1 positive + 1 negative automated test linked to this ID.,DATA
Story,DATA-015: Store screenshots/evidence in encrypted object storage with hashes and metadata references,"h2. Normative
The platform shall store screenshots/evidence in encrypted object storage with hashes and metadata references.

h2. Acceptance (v1.2)
Given synthetic fixtures for tenant A; when exercising `DATA-015`; then normative behavior is observable via UI/API/events/audit within applicable NFR latency; unauthorized tenant/role/purpose denied with audit; gate `Visibility GA` checks pass. Min: 1 positive + 1 negative automated test linked to this ID.

h2. Traceability
* Requirement: DATA-015
* Edition: Visibility
* Strategy: ADAPT
* Release gate: Visibility GA
* Parent epic: EPIC-P0-03
",,EPIC-P0-03,"phase-0,visibility,data-plane,req-id,must,data-015",High,DATA-015,0,Given synthetic fixtures for tenant A; when exercising `DATA-015`; then normative behavior is observable via UI/API/events/audit within applicable NFR latency; unauthorized tenant/role/purpose denied with audit; gate `Visibility GA` checks pass. Min: 1 positive + 1 negative automated test linked to this ID.,DATA
Story,DATA-016: Provide hot/warm/cold/archive storage tiers and lifecycle policies,"h2. Normative
The platform shall provide hot/warm/cold/archive storage tiers and lifecycle policies.

h2. Acceptance (v1.2)
Given synthetic fixtures for tenant A; when exercising `DATA-016`; then normative behavior is observable via UI/API/events/audit within applicable NFR latency; unauthorized tenant/role/purpose denied with audit; gate `Visibility GA` checks pass. Min: 1 positive + 1 negative automated test linked to this ID.

h2. Traceability
* Requirement: DATA-016
* Edition: Visibility
* Strategy: ADAPT
* Release gate: Visibility GA
* Parent epic: EPIC-P0-03
",,EPIC-P0-03,"phase-0,visibility,data-plane,req-id,must,data-016",High,DATA-016,0,Given synthetic fixtures for tenant A; when exercising `DATA-016`; then normative behavior is observable via UI/API/events/audit within applicable NFR latency; unauthorized tenant/role/purpose denied with audit; gate `Visibility GA` checks pass. Min: 1 positive + 1 negative automated test linked to this ID.,DATA
Story,"DATA-017: Provide stream-processing layer for alerts, baselines, risk and sequence analytics","h2. Normative
The platform shall provide stream-processing layer for alerts, baselines, risk and sequence analytics.

h2. Acceptance (v1.2)
Given synthetic fixtures for tenant A; when exercising `DATA-017`; then normative behavior is observable via UI/API/events/audit within applicable NFR latency; unauthorized tenant/role/purpose denied with audit; gate `Visibility GA` checks pass. Min: 1 positive + 1 negative automated test linked to this ID.

h2. Traceability
* Requirement: DATA-017
* Edition: Visibility
* Strategy: ADAPT
* Release gate: Visibility GA
* Parent epic: EPIC-P0-03
",,EPIC-P0-03,"phase-0,visibility,data-plane,req-id,must,data-017",High,DATA-017,0,Given synthetic fixtures for tenant A; when exercising `DATA-017`; then normative behavior is observable via UI/API/events/audit within applicable NFR latency; unauthorized tenant/role/purpose denied with audit; gate `Visibility GA` checks pass. Min: 1 positive + 1 negative automated test linked to this ID.,DATA
Story,DATA-018: Provide idempotent consumers and exactly-once-equivalent business outcomes through deduplication where true exactly-once is unavailable,"h2. Normative
The platform shall provide idempotent consumers and exactly-once-equivalent business outcomes through deduplication where true exactly-once is unavailable.

h2. Acceptance (v1.2)
Given synthetic fixtures for tenant A; when exercising `DATA-018`; then normative behavior is observable via UI/API/events/audit within applicable NFR latency; unauthorized tenant/role/purpose denied with audit; gate `Visibility GA` checks pass. Min: 1 positive + 1 negative automated test linked to this ID.

h2. Traceability
* Requirement: DATA-018
* Edition: Visibility
* Strategy: ADAPT
* Release gate: Visibility GA
* Parent epic: EPIC-P0-03
",,EPIC-P0-03,"phase-0,visibility,data-plane,req-id,must,data-018",High,DATA-018,0,Given synthetic fixtures for tenant A; when exercising `DATA-018`; then normative behavior is observable via UI/API/events/audit within applicable NFR latency; unauthorized tenant/role/purpose denied with audit; gate `Visibility GA` checks pass. Min: 1 positive + 1 negative automated test linked to this ID.,DATA
Story,"DATA-019: Provide tenant-level data-quality metrics including late, missing, duplicate and malformed events","h2. Normative
The platform shall provide tenant-level data-quality metrics including late, missing, duplicate and malformed events.

h2. Acceptance (v1.2)
Given synthetic fixtures for tenant A; when exercising `DATA-019`; then normative behavior is observable via UI/API/events/audit within applicable NFR latency; unauthorized tenant/role/purpose denied with audit; gate `Visibility GA` checks pass. Min: 1 positive + 1 negative automated test linked to this ID.

h2. Traceability
* Requirement: DATA-019
* Edition: Visibility
* Strategy: ADAPT
* Release gate: Visibility GA
* Parent epic: EPIC-P0-03
",,EPIC-P0-03,"phase-0,visibility,data-plane,req-id,must,data-019",High,DATA-019,0,Given synthetic fixtures for tenant A; when exercising `DATA-019`; then normative behavior is observable via UI/API/events/audit within applicable NFR latency; unauthorized tenant/role/purpose denied with audit; gate `Visibility GA` checks pass. Min: 1 positive + 1 negative automated test linked to this ID.,DATA
Story,DATA-020: Provide lineage from derived alert/risk/report metrics back to raw/normalized source events,"h2. Normative
The platform shall provide lineage from derived alert/risk/report metrics back to raw/normalized source events.

h2. Acceptance (v1.2)
Given synthetic fixtures for tenant A; when exercising `DATA-020`; then normative behavior is observable via UI/API/events/audit within applicable NFR latency; unauthorized tenant/role/purpose denied with audit; gate `Visibility GA` checks pass. Min: 1 positive + 1 negative automated test linked to this ID.

h2. Traceability
* Requirement: DATA-020
* Edition: Visibility
* Strategy: ADAPT
* Release gate: Visibility GA
* Parent epic: EPIC-P0-03
",,EPIC-P0-03,"phase-0,visibility,data-plane,req-id,must,data-020",High,DATA-020,0,Given synthetic fixtures for tenant A; when exercising `DATA-020`; then normative behavior is observable via UI/API/events/audit within applicable NFR latency; unauthorized tenant/role/purpose denied with audit; gate `Visibility GA` checks pass. Min: 1 positive + 1 negative automated test linked to this ID.,DATA
Story,"DATA-021: Provide query authorization at data-service layer, not only UI layer","h2. Normative
The platform shall provide query authorization at data-service layer, not only UI layer.

h2. Acceptance (v1.2)
Given synthetic fixtures for tenant A; when exercising `DATA-021`; then normative behavior is observable via UI/API/events/audit within applicable NFR latency; unauthorized tenant/role/purpose denied with audit; gate `Visibility GA` checks pass. Min: 1 positive + 1 negative automated test linked to this ID.

h2. Traceability
* Requirement: DATA-021
* Edition: Visibility
* Strategy: ADAPT
* Release gate: Visibility GA
* Parent epic: EPIC-P0-03
",,EPIC-P0-03,"phase-0,visibility,data-plane,req-id,must,data-021",High,DATA-021,0,Given synthetic fixtures for tenant A; when exercising `DATA-021`; then normative behavior is observable via UI/API/events/audit within applicable NFR latency; unauthorized tenant/role/purpose denied with audit; gate `Visibility GA` checks pass. Min: 1 positive + 1 negative automated test linked to this ID.,DATA
Story,DATA-022: Provide customer export/lakehouse feed in documented normalized schema,"h2. Normative
The platform shall provide customer export/lakehouse feed in documented normalized schema.

h2. Acceptance (v1.2)
Given synthetic fixtures for tenant A; when exercising `DATA-022`; then normative behavior is observable via UI/API/events/audit within applicable NFR latency; unauthorized tenant/role/purpose denied with audit; gate `Visibility GA` checks pass. Min: 1 positive + 1 negative automated test linked to this ID.

h2. Traceability
* Requirement: DATA-022
* Edition: Visibility
* Strategy: ADAPT
* Release gate: Visibility GA
* Parent epic: EPIC-P0-03
",,EPIC-P0-03,"phase-0,visibility,data-plane,req-id,must,data-022",High,DATA-022,0,Given synthetic fixtures for tenant A; when exercising `DATA-022`; then normative behavior is observable via UI/API/events/audit within applicable NFR latency; unauthorized tenant/role/purpose denied with audit; gate `Visibility GA` checks pass. Min: 1 positive + 1 negative automated test linked to this ID.,DATA
Story,"DATA-023: Provide migration/version compatibility strategy for agents, APIs, events and models","h2. Normative
The platform shall provide migration/version compatibility strategy for agents, APIs, events and models.

h2. Acceptance (v1.2)
Given synthetic fixtures for tenant A; when exercising `DATA-023`; then normative behavior is observable via UI/API/events/audit within applicable NFR latency; unauthorized tenant/role/purpose denied with audit; gate `Visibility GA` checks pass. Min: 1 positive + 1 negative automated test linked to this ID.

h2. Traceability
* Requirement: DATA-023
* Edition: Visibility
* Strategy: ADAPT
* Release gate: Visibility GA
* Parent epic: EPIC-P0-03
",,EPIC-P0-03,"phase-0,visibility,data-plane,req-id,must,data-023",High,DATA-023,0,Given synthetic fixtures for tenant A; when exercising `DATA-023`; then normative behavior is observable via UI/API/events/audit within applicable NFR latency; unauthorized tenant/role/purpose denied with audit; gate `Visibility GA` checks pass. Min: 1 positive + 1 negative automated test linked to this ID.,DATA
Story,"DATA-024: Provide synthetic telemetry generator for development, test, demos and regression","h2. Normative
The platform shall provide synthetic telemetry generator for development, test, demos and regression.

h2. Acceptance (v1.2)
Given synthetic fixtures for tenant A; when exercising `DATA-024`; then normative behavior is observable via UI/API/events/audit within applicable NFR latency; unauthorized tenant/role/purpose denied with audit; gate `Visibility GA` checks pass. Min: 1 positive + 1 negative automated test linked to this ID.

h2. Traceability
* Requirement: DATA-024
* Edition: Visibility
* Strategy: ADAPT
* Release gate: Visibility GA
* Parent epic: EPIC-P0-03
",,EPIC-P0-03,"phase-0,visibility,data-plane,req-id,must,data-024",High,DATA-024,0,Given synthetic fixtures for tenant A; when exercising `DATA-024`; then normative behavior is observable via UI/API/events/audit within applicable NFR latency; unauthorized tenant/role/purpose denied with audit; gate `Visibility GA` checks pass. Min: 1 positive + 1 negative automated test linked to this ID.,DATA
Story,DATA-025: Provide canonical golden investigation datasets for deterministic end-to-end validation,"h2. Normative
The platform shall provide canonical golden investigation datasets for deterministic end-to-end validation.

h2. Acceptance (v1.2)
Given synthetic fixtures for tenant A; when exercising `DATA-025`; then normative behavior is observable via UI/API/events/audit within applicable NFR latency; unauthorized tenant/role/purpose denied with audit; gate `Visibility GA` checks pass. Min: 1 positive + 1 negative automated test linked to this ID.

h2. Traceability
* Requirement: DATA-025
* Edition: Visibility
* Strategy: ADAPT
* Release gate: Visibility GA
* Parent epic: EPIC-P0-03
",,EPIC-P0-03,"phase-0,visibility,data-plane,req-id,must,data-025",High,DATA-025,0,Given synthetic fixtures for tenant A; when exercising `DATA-025`; then normative behavior is observable via UI/API/events/audit within applicable NFR latency; unauthorized tenant/role/purpose denied with audit; gate `Visibility GA` checks pass. Min: 1 positive + 1 negative automated test linked to this ID.,DATA
Story,PRIV-001: Privacy-first defaults,"h2. Normative
The platform shall default to metadata-first monitoring with raw keystrokes, message bodies, continuous screen video, microphone/camera and precise GPS disabled.

h2. Acceptance (v1.2)
New tenant defaults to Level 1; intrusive collectors disabled until explicit authorized policy.

h2. Traceability
* Requirement: PRIV-001
* Edition: Visibility
* Strategy: SURPASS
* Release gate: Visibility GA
* Parent epic: EPIC-P0-04
",,EPIC-P0-04,"phase-0,visibility,privacy,req-id,must,priv-001",Highest,PRIV-001,0,New tenant defaults to Level 1; intrusive collectors disabled until explicit authorized policy.,PRIV
Story,PRIV-002: Purpose limitation,"h2. Normative
Every monitoring policy shall declare business purpose, data categories, population, owner, legal basis/authorization reference, retention and expiry/review date.

h2. Acceptance (v1.2)
Invasive policy publish rejected without purpose, legal basis, owner, scope, retention/expiry fields.

h2. Traceability
* Requirement: PRIV-002
* Edition: Visibility
* Strategy: SURPASS
* Release gate: Visibility GA
* Parent epic: EPIC-P0-04
",,EPIC-P0-04,"phase-0,visibility,privacy,req-id,must,priv-002",Highest,PRIV-002,0,"Invasive policy publish rejected without purpose, legal basis, owner, scope, retention/expiry fields.",PRIV
Story,PRIV-003: Provide Privacy Impact Preview before publishing policies that increase observation level,"h2. Normative
The platform shall provide Privacy Impact Preview before publishing policies that increase observation level.

h2. Acceptance (v1.2)
Given synthetic fixtures for tenant A; when exercising `PRIV-003`; then normative behavior is observable via UI/API/events/audit within applicable NFR latency; unauthorized tenant/role/purpose denied with audit; gate `Visibility GA` checks pass. Min: 1 positive + 1 negative automated test linked to this ID.

h2. Traceability
* Requirement: PRIV-003
* Edition: Visibility
* Strategy: ADAPT
* Release gate: Visibility GA
* Parent epic: EPIC-P0-04
",,EPIC-P0-04,"phase-0,visibility,privacy,req-id,must,priv-003",High,PRIV-003,0,Given synthetic fixtures for tenant A; when exercising `PRIV-003`; then normative behavior is observable via UI/API/events/audit within applicable NFR latency; unauthorized tenant/role/purpose denied with audit; gate `Visibility GA` checks pass. Min: 1 positive + 1 negative automated test linked to this ID.,PRIV
Story,PRIV-004: Provide Do Not Record rules and verify them with policy test mode,"h2. Normative
The platform shall provide Do Not Record rules and verify them with policy test mode.

h2. Acceptance (v1.2)
Given synthetic fixtures for tenant A; when exercising `PRIV-004`; then normative behavior is observable via UI/API/events/audit within applicable NFR latency; unauthorized tenant/role/purpose denied with audit; gate `Visibility GA` checks pass. Min: 1 positive + 1 negative automated test linked to this ID.

h2. Traceability
* Requirement: PRIV-004
* Edition: Visibility
* Strategy: ADAPT
* Release gate: Visibility GA
* Parent epic: EPIC-P0-04
",,EPIC-P0-04,"phase-0,visibility,privacy,req-id,must,priv-004",High,PRIV-004,0,Given synthetic fixtures for tenant A; when exercising `PRIV-004`; then normative behavior is observable via UI/API/events/audit within applicable NFR latency; unauthorized tenant/role/purpose denied with audit; gate `Visibility GA` checks pass. Min: 1 positive + 1 negative automated test linked to this ID.,PRIV
Story,PRIV-005: Provide field-level redaction and masking for sensitive metadata/content,"h2. Normative
The platform shall provide field-level redaction and masking for sensitive metadata/content.

h2. Acceptance (v1.2)
Given synthetic fixtures for tenant A; when exercising `PRIV-005`; then normative behavior is observable via UI/API/events/audit within applicable NFR latency; unauthorized tenant/role/purpose denied with audit; gate `Visibility GA` checks pass. Min: 1 positive + 1 negative automated test linked to this ID.

h2. Traceability
* Requirement: PRIV-005
* Edition: Visibility
* Strategy: ADAPT
* Release gate: Visibility GA
* Parent epic: EPIC-P0-04
",,EPIC-P0-04,"phase-0,visibility,privacy,req-id,must,priv-005",High,PRIV-005,0,Given synthetic fixtures for tenant A; when exercising `PRIV-005`; then normative behavior is observable via UI/API/events/audit within applicable NFR latency; unauthorized tenant/role/purpose denied with audit; gate `Visibility GA` checks pass. Min: 1 positive + 1 negative automated test linked to this ID.,PRIV
Story,PRIV-006: Provide role-based reveal of redacted content with step-up authentication and audit,"h2. Normative
The platform shall provide role-based reveal of redacted content with step-up authentication and audit.

h2. Acceptance (v1.2)
Given synthetic fixtures for tenant A; when exercising `PRIV-006`; then normative behavior is observable via UI/API/events/audit within applicable NFR latency; unauthorized tenant/role/purpose denied with audit; gate `Visibility GA` checks pass. Min: 1 positive + 1 negative automated test linked to this ID.

h2. Traceability
* Requirement: PRIV-006
* Edition: Visibility
* Strategy: ADAPT
* Release gate: Visibility GA
* Parent epic: EPIC-P0-04
",,EPIC-P0-04,"phase-0,visibility,privacy,req-id,must,priv-006",High,PRIV-006,0,Given synthetic fixtures for tenant A; when exercising `PRIV-006`; then normative behavior is observable via UI/API/events/audit within applicable NFR latency; unauthorized tenant/role/purpose denied with audit; gate `Visibility GA` checks pass. Min: 1 positive + 1 negative automated test linked to this ID.,PRIV
Story,PRIV-007: Provide pseudonymized/anonymized analyst mode for initial risk triage where practical,"h2. Normative
The platform shall provide pseudonymized/anonymized analyst mode for initial risk triage where practical.

h2. Acceptance (v1.2)
Given synthetic fixtures for tenant A; when exercising `PRIV-007`; then normative behavior is observable via UI/API/events/audit within applicable NFR latency; unauthorized tenant/role/purpose denied with audit; gate `Visibility GA` checks pass. Min: 1 positive + 1 negative automated test linked to this ID.

h2. Traceability
* Requirement: PRIV-007
* Edition: Visibility
* Strategy: ADAPT
* Release gate: Visibility GA
* Parent epic: EPIC-P0-04
",,EPIC-P0-04,"phase-0,visibility,privacy,req-id,must,priv-007",High,PRIV-007,0,Given synthetic fixtures for tenant A; when exercising `PRIV-007`; then normative behavior is observable via UI/API/events/audit within applicable NFR latency; unauthorized tenant/role/purpose denied with audit; gate `Visibility GA` checks pass. Min: 1 positive + 1 negative automated test linked to this ID.,PRIV
Story,PRIV-008: Provide minimum cohort size for team/productivity comparisons,"h2. Normative
The platform shall provide minimum cohort size for team/productivity comparisons.

h2. Acceptance (v1.2)
Given synthetic fixtures for tenant A; when exercising `PRIV-008`; then normative behavior is observable via UI/API/events/audit within applicable NFR latency; unauthorized tenant/role/purpose denied with audit; gate `Visibility GA` checks pass. Min: 1 positive + 1 negative automated test linked to this ID.

h2. Traceability
* Requirement: PRIV-008
* Edition: Visibility
* Strategy: ADAPT
* Release gate: Visibility GA
* Parent epic: EPIC-P0-04
",,EPIC-P0-04,"phase-0,visibility,privacy,req-id,must,priv-008",High,PRIV-008,0,Given synthetic fixtures for tenant A; when exercising `PRIV-008`; then normative behavior is observable via UI/API/events/audit within applicable NFR latency; unauthorized tenant/role/purpose denied with audit; gate `Visibility GA` checks pass. Min: 1 positive + 1 negative automated test linked to this ID.,PRIV
Story,"PRIV-009: Provide data-retention policy by event type, evidence type, case/legal-hold status and jurisdiction","h2. Normative
The platform shall provide data-retention policy by event type, evidence type, case/legal-hold status and jurisdiction.

h2. Acceptance (v1.2)
Given synthetic fixtures for tenant A; when exercising `PRIV-009`; then normative behavior is observable via UI/API/events/audit within applicable NFR latency; unauthorized tenant/role/purpose denied with audit; gate `Visibility GA` checks pass. Min: 1 positive + 1 negative automated test linked to this ID.

h2. Traceability
* Requirement: PRIV-009
* Edition: Visibility
* Strategy: ADAPT
* Release gate: Visibility GA
* Parent epic: EPIC-P0-04
",,EPIC-P0-04,"phase-0,visibility,privacy,req-id,must,priv-009",High,PRIV-009,0,Given synthetic fixtures for tenant A; when exercising `PRIV-009`; then normative behavior is observable via UI/API/events/audit within applicable NFR latency; unauthorized tenant/role/purpose denied with audit; gate `Visibility GA` checks pass. Min: 1 positive + 1 negative automated test linked to this ID.,PRIV
Story,PRIV-010: Provide automatic purge with tamper-evident purge log when retention expires,"h2. Normative
The platform shall provide automatic purge with tamper-evident purge log when retention expires.

h2. Acceptance (v1.2)
Given synthetic fixtures for tenant A; when exercising `PRIV-010`; then normative behavior is observable via UI/API/events/audit within applicable NFR latency; unauthorized tenant/role/purpose denied with audit; gate `Visibility GA` checks pass. Min: 1 positive + 1 negative automated test linked to this ID.

h2. Traceability
* Requirement: PRIV-010
* Edition: Visibility
* Strategy: ADAPT
* Release gate: Visibility GA
* Parent epic: EPIC-P0-04
",,EPIC-P0-04,"phase-0,visibility,privacy,req-id,must,priv-010",High,PRIV-010,0,Given synthetic fixtures for tenant A; when exercising `PRIV-010`; then normative behavior is observable via UI/API/events/audit within applicable NFR latency; unauthorized tenant/role/purpose denied with audit; gate `Visibility GA` checks pass. Min: 1 positive + 1 negative automated test linked to this ID.,PRIV
Story,PRIV-011: Provide legal hold workflow that freezes selected governed data,"h2. Normative
The platform shall provide legal hold workflow that freezes selected governed data.

h2. Acceptance (v1.2)
Given synthetic fixtures for tenant A; when exercising `PRIV-011`; then normative behavior is observable via UI/API/events/audit within applicable NFR latency; unauthorized tenant/role/purpose denied with audit; gate `Visibility GA` checks pass. Min: 1 positive + 1 negative automated test linked to this ID.

h2. Traceability
* Requirement: PRIV-011
* Edition: Visibility
* Strategy: ADAPT
* Release gate: Visibility GA
* Parent epic: EPIC-P0-04
",,EPIC-P0-04,"phase-0,visibility,privacy,req-id,must,priv-011",High,PRIV-011,0,Given synthetic fixtures for tenant A; when exercising `PRIV-011`; then normative behavior is observable via UI/API/events/audit within applicable NFR latency; unauthorized tenant/role/purpose denied with audit; gate `Visibility GA` checks pass. Min: 1 positive + 1 negative automated test linked to this ID.,PRIV
Story,PRIV-012: Provide region/data-residency assignment per tenant and prevent unintended cross-region storage,"h2. Normative
The platform shall provide region/data-residency assignment per tenant and prevent unintended cross-region storage.

h2. Acceptance (v1.2)
Given synthetic fixtures for tenant A; when exercising `PRIV-012`; then normative behavior is observable via UI/API/events/audit within applicable NFR latency; unauthorized tenant/role/purpose denied with audit; gate `Visibility GA` checks pass. Min: 1 positive + 1 negative automated test linked to this ID.

h2. Traceability
* Requirement: PRIV-012
* Edition: Visibility
* Strategy: ADAPT
* Release gate: Visibility GA
* Parent epic: EPIC-P0-04
",,EPIC-P0-04,"phase-0,visibility,privacy,req-id,must,priv-012",High,PRIV-012,0,Given synthetic fixtures for tenant A; when exercising `PRIV-012`; then normative behavior is observable via UI/API/events/audit within applicable NFR latency; unauthorized tenant/role/purpose denied with audit; gate `Visibility GA` checks pass. Min: 1 positive + 1 negative automated test linked to this ID.,PRIV
Story,PRIV-013: Provide customer-managed or tenant-specific encryption-key options for enterprise editions,"h2. Normative
The platform shall provide customer-managed or tenant-specific encryption-key options for enterprise editions.

h2. Acceptance (v1.2)
Given synthetic fixtures for tenant A; when exercising `PRIV-013`; then normative behavior is observable via UI/API/events/audit within applicable NFR latency; unauthorized tenant/role/purpose denied with audit; gate `Visibility GA` checks pass. Min: 1 positive + 1 negative automated test linked to this ID.

h2. Traceability
* Requirement: PRIV-013
* Edition: Visibility
* Strategy: ADAPT
* Release gate: Visibility GA
* Parent epic: EPIC-P0-04
",,EPIC-P0-04,"phase-0,visibility,privacy,req-id,must,priv-013",High,PRIV-013,0,Given synthetic fixtures for tenant A; when exercising `PRIV-013`; then normative behavior is observable via UI/API/events/audit within applicable NFR latency; unauthorized tenant/role/purpose denied with audit; gate `Visibility GA` checks pass. Min: 1 positive + 1 negative automated test linked to this ID.,PRIV
Story,"PRIV-014: Provide Data Processing Inventory listing telemetry source, fields, purpose, storage, retention and recipients","h2. Normative
The platform shall provide Data Processing Inventory listing telemetry source, fields, purpose, storage, retention and recipients.

h2. Acceptance (v1.2)
Given synthetic fixtures for tenant A; when exercising `PRIV-014`; then normative behavior is observable via UI/API/events/audit within applicable NFR latency; unauthorized tenant/role/purpose denied with audit; gate `Visibility GA` checks pass. Min: 1 positive + 1 negative automated test linked to this ID.

h2. Traceability
* Requirement: PRIV-014
* Edition: Visibility
* Strategy: ADAPT
* Release gate: Visibility GA
* Parent epic: EPIC-P0-04
",,EPIC-P0-04,"phase-0,visibility,privacy,req-id,must,priv-014",High,PRIV-014,0,Given synthetic fixtures for tenant A; when exercising `PRIV-014`; then normative behavior is observable via UI/API/events/audit within applicable NFR latency; unauthorized tenant/role/purpose denied with audit; gate `Visibility GA` checks pass. Min: 1 positive + 1 negative automated test linked to this ID.,PRIV
Story,PRIV-015: Provide Employee Transparency Center describing what categories are monitored for the user where organizational policy allows disclosure,"h2. Normative
The platform shall provide Employee Transparency Center describing what categories are monitored for the user where organizational policy allows disclosure.

h2. Acceptance (v1.2)
Given synthetic fixtures for tenant A; when exercising `PRIV-015`; then normative behavior is observable via UI/API/events/audit within applicable NFR latency; unauthorized tenant/role/purpose denied with audit; gate `Visibility GA` checks pass. Min: 1 positive + 1 negative automated test linked to this ID.

h2. Traceability
* Requirement: PRIV-015
* Edition: Visibility
* Strategy: ADAPT
* Release gate: Visibility GA
* Parent epic: EPIC-P0-04
",,EPIC-P0-04,"phase-0,visibility,privacy,req-id,must,priv-015",High,PRIV-015,0,Given synthetic fixtures for tenant A; when exercising `PRIV-015`; then normative behavior is observable via UI/API/events/audit within applicable NFR latency; unauthorized tenant/role/purpose denied with audit; gate `Visibility GA` checks pass. Min: 1 positive + 1 negative automated test linked to this ID.,PRIV
Story,PRIV-016: Provide policy-specific user notice/acknowledgement capability,"h2. Normative
The platform shall provide policy-specific user notice/acknowledgement capability.

h2. Acceptance (v1.2)
Given synthetic fixtures for tenant A; when exercising `PRIV-016`; then normative behavior is observable via UI/API/events/audit within applicable NFR latency; unauthorized tenant/role/purpose denied with audit; gate `Visibility GA` checks pass. Min: 1 positive + 1 negative automated test linked to this ID.

h2. Traceability
* Requirement: PRIV-016
* Edition: Visibility
* Strategy: ADAPT
* Release gate: Visibility GA
* Parent epic: EPIC-P0-04
",,EPIC-P0-04,"phase-0,visibility,privacy,req-id,must,priv-016",High,PRIV-016,0,Given synthetic fixtures for tenant A; when exercising `PRIV-016`; then normative behavior is observable via UI/API/events/audit within applicable NFR latency; unauthorized tenant/role/purpose denied with audit; gate `Visibility GA` checks pass. Min: 1 positive + 1 negative automated test linked to this ID.,PRIV
Story,PRIV-017: Provide subject-access/export tooling for privacy teams subject to legal/security exceptions,"h2. Normative
The platform shall provide subject-access/export tooling for privacy teams subject to legal/security exceptions.

h2. Acceptance (v1.2)
Given synthetic fixtures for tenant A; when exercising `PRIV-017`; then normative behavior is observable via UI/API/events/audit within applicable NFR latency; unauthorized tenant/role/purpose denied with audit; gate `Visibility GA` checks pass. Min: 1 positive + 1 negative automated test linked to this ID.

h2. Traceability
* Requirement: PRIV-017
* Edition: Visibility
* Strategy: ADAPT
* Release gate: Visibility GA
* Parent epic: EPIC-P0-04
",,EPIC-P0-04,"phase-0,visibility,privacy,req-id,must,priv-017",High,PRIV-017,0,Given synthetic fixtures for tenant A; when exercising `PRIV-017`; then normative behavior is observable via UI/API/events/audit within applicable NFR latency; unauthorized tenant/role/purpose denied with audit; gate `Visibility GA` checks pass. Min: 1 positive + 1 negative automated test linked to this ID.,PRIV
Story,PRIV-018: Provide deletion/anonymization workflow when legally permissible and no hold overrides it,"h2. Normative
The platform shall provide deletion/anonymization workflow when legally permissible and no hold overrides it.

h2. Acceptance (v1.2)
Given synthetic fixtures for tenant A; when exercising `PRIV-018`; then normative behavior is observable via UI/API/events/audit within applicable NFR latency; unauthorized tenant/role/purpose denied with audit; gate `Visibility GA` checks pass. Min: 1 positive + 1 negative automated test linked to this ID.

h2. Traceability
* Requirement: PRIV-018
* Edition: Visibility
* Strategy: ADAPT
* Release gate: Visibility GA
* Parent epic: EPIC-P0-04
",,EPIC-P0-04,"phase-0,visibility,privacy,req-id,must,priv-018",High,PRIV-018,0,Given synthetic fixtures for tenant A; when exercising `PRIV-018`; then normative behavior is observable via UI/API/events/audit within applicable NFR latency; unauthorized tenant/role/purpose denied with audit; gate `Visibility GA` checks pass. Min: 1 positive + 1 negative automated test linked to this ID.,PRIV
Story,PRIV-019: Provide privacy-safe analytics that favor aggregates over raw evidence for management use,"h2. Normative
The platform shall provide privacy-safe analytics that favor aggregates over raw evidence for management use.

h2. Acceptance (v1.2)
Given synthetic fixtures for tenant A; when exercising `PRIV-019`; then normative behavior is observable via UI/API/events/audit within applicable NFR latency; unauthorized tenant/role/purpose denied with audit; gate `Visibility GA` checks pass. Min: 1 positive + 1 negative automated test linked to this ID.

h2. Traceability
* Requirement: PRIV-019
* Edition: Visibility
* Strategy: ADAPT
* Release gate: Visibility GA
* Parent epic: EPIC-P0-04
",,EPIC-P0-04,"phase-0,visibility,privacy,req-id,must,priv-019",High,PRIV-019,0,Given synthetic fixtures for tenant A; when exercising `PRIV-019`; then normative behavior is observable via UI/API/events/audit within applicable NFR latency; unauthorized tenant/role/purpose denied with audit; gate `Visibility GA` checks pass. Min: 1 positive + 1 negative automated test linked to this ID.,PRIV
Story,"PRIV-020: Prevent managers from accessing message bodies, keystrokes or screenshots through productivity screens by default","h2. Normative
The platform shall prevent managers from accessing message bodies, keystrokes or screenshots through productivity screens by default.

h2. Acceptance (v1.2)
Given synthetic fixtures for tenant A; when exercising `PRIV-020`; then normative behavior is observable via UI/API/events/audit within applicable NFR latency; unauthorized tenant/role/purpose denied with audit; gate `Visibility GA` checks pass. Min: 1 positive + 1 negative automated test linked to this ID.

h2. Traceability
* Requirement: PRIV-020
* Edition: Visibility
* Strategy: ADAPT
* Release gate: Visibility GA
* Parent epic: EPIC-P0-04
",,EPIC-P0-04,"phase-0,visibility,privacy,req-id,must,priv-020",High,PRIV-020,0,Given synthetic fixtures for tenant A; when exercising `PRIV-020`; then normative behavior is observable via UI/API/events/audit within applicable NFR latency; unauthorized tenant/role/purpose denied with audit; gate `Visibility GA` checks pass. Min: 1 positive + 1 negative automated test linked to this ID.,PRIV
Story,PRIV-021: Provide jurisdiction configuration and policy restrictions for prohibited/limited collection types,"h2. Normative
The platform shall provide jurisdiction configuration and policy restrictions for prohibited/limited collection types.

h2. Acceptance (v1.2)
Given synthetic fixtures for tenant A; when exercising `PRIV-021`; then normative behavior is observable via UI/API/events/audit within applicable NFR latency; unauthorized tenant/role/purpose denied with audit; gate `Visibility GA` checks pass. Min: 1 positive + 1 negative automated test linked to this ID.

h2. Traceability
* Requirement: PRIV-021
* Edition: Visibility
* Strategy: ADAPT
* Release gate: Visibility GA
* Parent epic: EPIC-P0-04
",,EPIC-P0-04,"phase-0,visibility,privacy,req-id,must,priv-021",High,PRIV-021,0,Given synthetic fixtures for tenant A; when exercising `PRIV-021`; then normative behavior is observable via UI/API/events/audit within applicable NFR latency; unauthorized tenant/role/purpose denied with audit; gate `Visibility GA` checks pass. Min: 1 positive + 1 negative automated test linked to this ID.,PRIV
Story,PRIV-022: Provide dual authorization for Level 3 Focused Evidence and other high-intrusion collection,"h2. Normative
The platform shall provide dual authorization for Level 3 Focused Evidence and other high-intrusion collection.

h2. Acceptance (v1.2)
Given synthetic fixtures for tenant A; when exercising `PRIV-022`; then normative behavior is observable via UI/API/events/audit within applicable NFR latency; unauthorized tenant/role/purpose denied with audit; gate `Visibility GA` checks pass. Min: 1 positive + 1 negative automated test linked to this ID.

h2. Traceability
* Requirement: PRIV-022
* Edition: Visibility
* Strategy: ADAPT
* Release gate: Visibility GA
* Parent epic: EPIC-P0-04
",,EPIC-P0-04,"phase-0,visibility,privacy,req-id,must,priv-022",High,PRIV-022,0,Given synthetic fixtures for tenant A; when exercising `PRIV-022`; then normative behavior is observable via UI/API/events/audit within applicable NFR latency; unauthorized tenant/role/purpose denied with audit; gate `Visibility GA` checks pass. Min: 1 positive + 1 negative automated test linked to this ID.,PRIV
Story,PRIV-023: Provide automatic expiry/reversion for focused monitoring,"h2. Normative
The platform shall provide automatic expiry/reversion for focused monitoring.

h2. Acceptance (v1.2)
Given synthetic fixtures for tenant A; when exercising `PRIV-023`; then normative behavior is observable via UI/API/events/audit within applicable NFR latency; unauthorized tenant/role/purpose denied with audit; gate `Visibility GA` checks pass. Min: 1 positive + 1 negative automated test linked to this ID.

h2. Traceability
* Requirement: PRIV-023
* Edition: Visibility
* Strategy: ADAPT
* Release gate: Visibility GA
* Parent epic: EPIC-P0-04
",,EPIC-P0-04,"phase-0,visibility,privacy,req-id,must,priv-023",High,PRIV-023,0,Given synthetic fixtures for tenant A; when exercising `PRIV-023`; then normative behavior is observable via UI/API/events/audit within applicable NFR latency; unauthorized tenant/role/purpose denied with audit; gate `Visibility GA` checks pass. Min: 1 positive + 1 negative automated test linked to this ID.,PRIV
Story,"PRIV-024: Provide a dedicated privacy officer dashboard for high-intrusion policies, evidence reveals, exceptions and retention","h2. Normative
The platform shall provide a dedicated privacy officer dashboard for high-intrusion policies, evidence reveals, exceptions and retention.

h2. Acceptance (v1.2)
Given synthetic fixtures for tenant A; when exercising `PRIV-024`; then normative behavior is observable via UI/API/events/audit within applicable NFR latency; unauthorized tenant/role/purpose denied with audit; gate `Visibility GA` checks pass. Min: 1 positive + 1 negative automated test linked to this ID.

h2. Traceability
* Requirement: PRIV-024
* Edition: Visibility
* Strategy: ADAPT
* Release gate: Visibility GA
* Parent epic: EPIC-P0-04
",,EPIC-P0-04,"phase-0,visibility,privacy,req-id,must,priv-024",High,PRIV-024,0,Given synthetic fixtures for tenant A; when exercising `PRIV-024`; then normative behavior is observable via UI/API/events/audit within applicable NFR latency; unauthorized tenant/role/purpose denied with audit; gate `Visibility GA` checks pass. Min: 1 positive + 1 negative automated test linked to this ID.,PRIV
Story,PRIV-025: Provide immutable audit of administrator access to monitored employee information,"h2. Normative
The platform shall provide immutable audit of administrator access to monitored employee information.

h2. Acceptance (v1.2)
Given synthetic fixtures for tenant A; when exercising `PRIV-025`; then normative behavior is observable via UI/API/events/audit within applicable NFR latency; unauthorized tenant/role/purpose denied with audit; gate `Visibility GA` checks pass. Min: 1 positive + 1 negative automated test linked to this ID.

h2. Traceability
* Requirement: PRIV-025
* Edition: Visibility
* Strategy: ADAPT
* Release gate: Visibility GA
* Parent epic: EPIC-P0-04
",,EPIC-P0-04,"phase-0,visibility,privacy,req-id,must,priv-025",High,PRIV-025,0,Given synthetic fixtures for tenant A; when exercising `PRIV-025`; then normative behavior is observable via UI/API/events/audit within applicable NFR latency; unauthorized tenant/role/purpose denied with audit; gate `Visibility GA` checks pass. Min: 1 positive + 1 negative automated test linked to this ID.,PRIV
Story,"PRIV-026: Provide data export governance including purpose, recipient, expiry and watermark/manifest where appropriate","h2. Normative
The platform shall provide data export governance including purpose, recipient, expiry and watermark/manifest where appropriate.

h2. Acceptance (v1.2)
Given synthetic fixtures for tenant A; when exercising `PRIV-026`; then normative behavior is observable via UI/API/events/audit within applicable NFR latency; unauthorized tenant/role/purpose denied with audit; gate `Visibility GA` checks pass. Min: 1 positive + 1 negative automated test linked to this ID.

h2. Traceability
* Requirement: PRIV-026
* Edition: Visibility
* Strategy: ADAPT
* Release gate: Visibility GA
* Parent epic: EPIC-P0-04
",,EPIC-P0-04,"phase-0,visibility,privacy,req-id,must,priv-026",High,PRIV-026,0,Given synthetic fixtures for tenant A; when exercising `PRIV-026`; then normative behavior is observable via UI/API/events/audit within applicable NFR latency; unauthorized tenant/role/purpose denied with audit; gate `Visibility GA` checks pass. Min: 1 positive + 1 negative automated test linked to this ID.,PRIV
Story,PRIV-027: Provide detection of policy overreach such as monitoring population expansion beyond approved scope,"h2. Normative
The platform shall provide detection of policy overreach such as monitoring population expansion beyond approved scope.

h2. Acceptance (v1.2)
Given synthetic fixtures for tenant A; when exercising `PRIV-027`; then normative behavior is observable via UI/API/events/audit within applicable NFR latency; unauthorized tenant/role/purpose denied with audit; gate `Visibility GA` checks pass. Min: 1 positive + 1 negative automated test linked to this ID.

h2. Traceability
* Requirement: PRIV-027
* Edition: Visibility
* Strategy: ADAPT
* Release gate: Visibility GA
* Parent epic: EPIC-P0-04
",,EPIC-P0-04,"phase-0,visibility,privacy,req-id,must,priv-027",High,PRIV-027,0,Given synthetic fixtures for tenant A; when exercising `PRIV-027`; then normative behavior is observable via UI/API/events/audit within applicable NFR latency; unauthorized tenant/role/purpose denied with audit; gate `Visibility GA` checks pass. Min: 1 positive + 1 negative automated test linked to this ID.,PRIV
Story,PRIV-028: Provide privacy-safe incident demos using synthetic data rather than real employee content,"h2. Normative
The platform shall provide privacy-safe incident demos using synthetic data rather than real employee content.

h2. Acceptance (v1.2)
Given synthetic fixtures for tenant A; when exercising `PRIV-028`; then normative behavior is observable via UI/API/events/audit within applicable NFR latency; unauthorized tenant/role/purpose denied with audit; gate `Visibility GA` checks pass. Min: 1 positive + 1 negative automated test linked to this ID.

h2. Traceability
* Requirement: PRIV-028
* Edition: Visibility
* Strategy: ADAPT
* Release gate: Visibility GA
* Parent epic: EPIC-P0-04
",,EPIC-P0-04,"phase-0,visibility,privacy,req-id,must,priv-028",High,PRIV-028,0,Given synthetic fixtures for tenant A; when exercising `PRIV-028`; then normative behavior is observable via UI/API/events/audit within applicable NFR latency; unauthorized tenant/role/purpose denied with audit; gate `Visibility GA` checks pass. Min: 1 positive + 1 negative automated test linked to this ID.,PRIV
Story,PRIV-029: Provide documented ethical-use policy and product guardrails prohibiting covert consumer/partner surveillance use,"h2. Normative
The platform shall provide documented ethical-use policy and product guardrails prohibiting covert consumer/partner surveillance use.

h2. Acceptance (v1.2)
Given synthetic fixtures for tenant A; when exercising `PRIV-029`; then normative behavior is observable via UI/API/events/audit within applicable NFR latency; unauthorized tenant/role/purpose denied with audit; gate `Visibility GA` checks pass. Min: 1 positive + 1 negative automated test linked to this ID.

h2. Traceability
* Requirement: PRIV-029
* Edition: Visibility
* Strategy: ADAPT
* Release gate: Visibility GA
* Parent epic: EPIC-P0-04
",,EPIC-P0-04,"phase-0,visibility,privacy,req-id,must,priv-029",High,PRIV-029,0,Given synthetic fixtures for tenant A; when exercising `PRIV-029`; then normative behavior is observable via UI/API/events/audit within applicable NFR latency; unauthorized tenant/role/purpose denied with audit; gate `Visibility GA` checks pass. Min: 1 positive + 1 negative automated test linked to this ID.,PRIV
Story,"PRIV-030: Provide privacy and security controls for AI prompts, RAG context and generated investigation summaries","h2. Normative
The platform shall provide privacy and security controls for AI prompts, RAG context and generated investigation summaries.

h2. Acceptance (v1.2)
Given synthetic fixtures for tenant A; when exercising `PRIV-030`; then normative behavior is observable via UI/API/events/audit within applicable NFR latency; unauthorized tenant/role/purpose denied with audit; gate `Visibility GA` checks pass. Min: 1 positive + 1 negative automated test linked to this ID.

h2. Traceability
* Requirement: PRIV-030
* Edition: Visibility
* Strategy: ADAPT
* Release gate: Visibility GA
* Parent epic: EPIC-P0-04
",,EPIC-P0-04,"phase-0,visibility,privacy,req-id,must,priv-030",High,PRIV-030,0,Given synthetic fixtures for tenant A; when exercising `PRIV-030`; then normative behavior is observable via UI/API/events/audit within applicable NFR latency; unauthorized tenant/role/purpose denied with audit; gate `Visibility GA` checks pass. Min: 1 positive + 1 negative automated test linked to this ID.,PRIV
Story,AGENT-001: Signed endpoint agent,"h2. Normative
The platform shall provide cryptographically signed, versioned endpoint agents with secure update verification and tamper-evident identity.

h2. Acceptance (v1.2)
Given synthetic fixtures for tenant A; when exercising `AGENT-001`; then normative behavior is observable via UI/API/events/audit within applicable NFR latency; unauthorized tenant/role/purpose denied with audit; gate `Visibility GA` checks pass. Min: 1 positive + 1 negative automated test linked to this ID.

h2. Traceability
* Requirement: AGENT-001
* Edition: Visibility
* Strategy: ADAPT
* Release gate: Visibility GA
* Parent epic: EPIC-P0-05
",,EPIC-P0-05,"phase-0,visibility,endpoint,req-id,must,agent-001",High,AGENT-001,0,Given synthetic fixtures for tenant A; when exercising `AGENT-001`; then normative behavior is observable via UI/API/events/audit within applicable NFR latency; unauthorized tenant/role/purpose denied with audit; gate `Visibility GA` checks pass. Min: 1 positive + 1 negative automated test linked to this ID.,AGENT
Story,AGENT-002: Metadata-first default collection,"h2. Normative
The endpoint agent shall default to metadata-first collection and shall not collect keystrokes, message bodies, continuous video or precise GPS unless an authorized policy explicitly elevates observation.

h2. Acceptance (v1.2)
Fresh Windows enrollment: Level-1 metadata only; screenshot/keystroke collectors enabled=false in applied policy snapshot.

h2. Traceability
* Requirement: AGENT-002
* Edition: Visibility
* Strategy: SURPASS
* Release gate: Visibility GA
* Parent epic: EPIC-P0-05
",,EPIC-P0-05,"phase-0,visibility,endpoint,req-id,must,agent-002",Highest,AGENT-002,0,Fresh Windows enrollment: Level-1 metadata only; screenshot/keystroke collectors enabled=false in applied policy snapshot.,AGENT
Story,AGENT-003: Authenticate each agent/device using unique device-bound credentials and rotate them automatically,"h2. Normative
The platform shall authenticate each agent/device using unique device-bound credentials and rotate them automatically.

h2. Acceptance (v1.2)
Given synthetic fixtures for tenant A; when exercising `AGENT-003`; then normative behavior is observable via UI/API/events/audit within applicable NFR latency; unauthorized tenant/role/purpose denied with audit; gate `Visibility GA` checks pass. Min: 1 positive + 1 negative automated test linked to this ID.

h2. Traceability
* Requirement: AGENT-003
* Edition: Visibility
* Strategy: ADAPT
* Release gate: Visibility GA
* Parent epic: EPIC-P0-05
",,EPIC-P0-05,"phase-0,visibility,endpoint,req-id,must,agent-003",High,AGENT-003,0,Given synthetic fixtures for tenant A; when exercising `AGENT-003`; then normative behavior is observable via UI/API/events/audit within applicable NFR latency; unauthorized tenant/role/purpose denied with audit; gate `Visibility GA` checks pass. Min: 1 positive + 1 negative automated test linked to this ID.,AGENT
Story,AGENT-004: Encrypt telemetry and evidence in transit using current TLS with certificate validation and pinning where operationally appropriate,"h2. Normative
The platform shall encrypt telemetry and evidence in transit using current TLS with certificate validation and pinning where operationally appropriate.

h2. Acceptance (v1.2)
Given synthetic fixtures for tenant A; when exercising `AGENT-004`; then normative behavior is observable via UI/API/events/audit within applicable NFR latency; unauthorized tenant/role/purpose denied with audit; gate `Visibility GA` checks pass. Min: 1 positive + 1 negative automated test linked to this ID.

h2. Traceability
* Requirement: AGENT-004
* Edition: Visibility
* Strategy: ADAPT
* Release gate: Visibility GA
* Parent epic: EPIC-P0-05
",,EPIC-P0-05,"phase-0,visibility,endpoint,req-id,must,agent-004",High,AGENT-004,0,Given synthetic fixtures for tenant A; when exercising `AGENT-004`; then normative behavior is observable via UI/API/events/audit within applicable NFR latency; unauthorized tenant/role/purpose denied with audit; gate `Visibility GA` checks pass. Min: 1 positive + 1 negative automated test linked to this ID.,AGENT
Story,AGENT-005: Buffer events locally during connectivity loss and upload them in order with deduplication after reconnection,"h2. Normative
The platform shall buffer events locally during connectivity loss and upload them in order with deduplication after reconnection.

h2. Acceptance (v1.2)
Given synthetic fixtures for tenant A; when exercising `AGENT-005`; then normative behavior is observable via UI/API/events/audit within applicable NFR latency; unauthorized tenant/role/purpose denied with audit; gate `Visibility GA` checks pass. Min: 1 positive + 1 negative automated test linked to this ID.

h2. Traceability
* Requirement: AGENT-005
* Edition: Visibility
* Strategy: ADAPT
* Release gate: Visibility GA
* Parent epic: EPIC-P0-05
",,EPIC-P0-05,"phase-0,visibility,endpoint,req-id,must,agent-005",High,AGENT-005,0,Given synthetic fixtures for tenant A; when exercising `AGENT-005`; then normative behavior is observable via UI/API/events/audit within applicable NFR latency; unauthorized tenant/role/purpose denied with audit; gate `Visibility GA` checks pass. Min: 1 positive + 1 negative automated test linked to this ID.,AGENT
Story,AGENT-006: Protect local queues and configuration using OS-backed encryption and integrity checks,"h2. Normative
The platform shall protect local queues and configuration using OS-backed encryption and integrity checks.

h2. Acceptance (v1.2)
Given synthetic fixtures for tenant A; when exercising `AGENT-006`; then normative behavior is observable via UI/API/events/audit within applicable NFR latency; unauthorized tenant/role/purpose denied with audit; gate `Visibility GA` checks pass. Min: 1 positive + 1 negative automated test linked to this ID.

h2. Traceability
* Requirement: AGENT-006
* Edition: Visibility
* Strategy: ADAPT
* Release gate: Visibility GA
* Parent epic: EPIC-P0-05
",,EPIC-P0-05,"phase-0,visibility,endpoint,req-id,must,agent-006",High,AGENT-006,0,Given synthetic fixtures for tenant A; when exercising `AGENT-006`; then normative behavior is observable via UI/API/events/audit within applicable NFR latency; unauthorized tenant/role/purpose denied with audit; gate `Visibility GA` checks pass. Min: 1 positive + 1 negative automated test linked to this ID.,AGENT
Story,"AGENT-007: Expose agent health including online state, last check-in, version, policy version, queue depth, upload lag, errors and warnings","h2. Normative
The platform shall expose agent health including online state, last check-in, version, policy version, queue depth, upload lag, errors and warnings.

h2. Acceptance (v1.2)
Given synthetic fixtures for tenant A; when exercising `AGENT-007`; then normative behavior is observable via UI/API/events/audit within applicable NFR latency; unauthorized tenant/role/purpose denied with audit; gate `Visibility GA` checks pass. Min: 1 positive + 1 negative automated test linked to this ID.

h2. Traceability
* Requirement: AGENT-007
* Edition: Visibility
* Strategy: ADAPT
* Release gate: Visibility GA
* Parent epic: EPIC-P0-05
",,EPIC-P0-05,"phase-0,visibility,endpoint,req-id,must,agent-007",High,AGENT-007,0,Given synthetic fixtures for tenant A; when exercising `AGENT-007`; then normative behavior is observable via UI/API/events/audit within applicable NFR latency; unauthorized tenant/role/purpose denied with audit; gate `Visibility GA` checks pass. Min: 1 positive + 1 negative automated test linked to this ID.,AGENT
Story,"AGENT-008: Provide centrally managed policy delivery with versioning, signature validation, staged rollout and rollback","h2. Normative
The platform shall provide centrally managed policy delivery with versioning, signature validation, staged rollout and rollback.

h2. Acceptance (v1.2)
Given synthetic fixtures for tenant A; when exercising `AGENT-008`; then normative behavior is observable via UI/API/events/audit within applicable NFR latency; unauthorized tenant/role/purpose denied with audit; gate `Visibility GA` checks pass. Min: 1 positive + 1 negative automated test linked to this ID.

h2. Traceability
* Requirement: AGENT-008
* Edition: Visibility
* Strategy: ADAPT
* Release gate: Visibility GA
* Parent epic: EPIC-P0-05
",,EPIC-P0-05,"phase-0,visibility,endpoint,req-id,must,agent-008",High,AGENT-008,0,Given synthetic fixtures for tenant A; when exercising `AGENT-008`; then normative behavior is observable via UI/API/events/audit within applicable NFR latency; unauthorized tenant/role/purpose denied with audit; gate `Visibility GA` checks pass. Min: 1 positive + 1 negative automated test linked to this ID.,AGENT
Story,"AGENT-009: Support bandwidth limits, batching, compression and upload-window controls","h2. Normative
The platform shall support bandwidth limits, batching, compression and upload-window controls.

h2. Acceptance (v1.2)
Given synthetic fixtures for tenant A; when exercising `AGENT-009`; then normative behavior is observable via UI/API/events/audit within applicable NFR latency; unauthorized tenant/role/purpose denied with audit; gate `Visibility GA` checks pass. Min: 1 positive + 1 negative automated test linked to this ID.

h2. Traceability
* Requirement: AGENT-009
* Edition: Visibility
* Strategy: ADAPT
* Release gate: Visibility GA
* Parent epic: EPIC-P0-05
",,EPIC-P0-05,"phase-0,visibility,endpoint,req-id,must,agent-009",High,AGENT-009,0,Given synthetic fixtures for tenant A; when exercising `AGENT-009`; then normative behavior is observable via UI/API/events/audit within applicable NFR latency; unauthorized tenant/role/purpose denied with audit; gate `Visibility GA` checks pass. Min: 1 positive + 1 negative automated test linked to this ID.,AGENT
Story,"AGENT-010: Support CPU, memory, disk and battery safeguards that automatically degrade noncritical collection under resource pressure","h2. Normative
The platform shall support CPU, memory, disk and battery safeguards that automatically degrade noncritical collection under resource pressure.

h2. Acceptance (v1.2)
Given synthetic fixtures for tenant A; when exercising `AGENT-010`; then normative behavior is observable via UI/API/events/audit within applicable NFR latency; unauthorized tenant/role/purpose denied with audit; gate `Visibility GA` checks pass. Min: 1 positive + 1 negative automated test linked to this ID.

h2. Traceability
* Requirement: AGENT-010
* Edition: Visibility
* Strategy: ADAPT
* Release gate: Visibility GA
* Parent epic: EPIC-P0-05
",,EPIC-P0-05,"phase-0,visibility,endpoint,req-id,must,agent-010",High,AGENT-010,0,Given synthetic fixtures for tenant A; when exercising `AGENT-010`; then normative behavior is observable via UI/API/events/audit within applicable NFR latency; unauthorized tenant/role/purpose denied with audit; gate `Visibility GA` checks pass. Min: 1 positive + 1 negative automated test linked to this ID.,AGENT
Story,AGENT-011: Support local event timestamps plus UTC normalization and clock-skew detection,"h2. Normative
The platform shall support local event timestamps plus UTC normalization and clock-skew detection.

h2. Acceptance (v1.2)
Given synthetic fixtures for tenant A; when exercising `AGENT-011`; then normative behavior is observable via UI/API/events/audit within applicable NFR latency; unauthorized tenant/role/purpose denied with audit; gate `Visibility GA` checks pass. Min: 1 positive + 1 negative automated test linked to this ID.

h2. Traceability
* Requirement: AGENT-011
* Edition: Visibility
* Strategy: ADAPT
* Release gate: Visibility GA
* Parent epic: EPIC-P0-05
",,EPIC-P0-05,"phase-0,visibility,endpoint,req-id,must,agent-011",High,AGENT-011,0,Given synthetic fixtures for tenant A; when exercising `AGENT-011`; then normative behavior is observable via UI/API/events/audit within applicable NFR latency; unauthorized tenant/role/purpose denied with audit; gate `Visibility GA` checks pass. Min: 1 positive + 1 negative automated test linked to this ID.,AGENT
Story,AGENT-012: Support multi-user/shared workstations and preserve user-to-session attribution,"h2. Normative
The platform shall support multi-user/shared workstations and preserve user-to-session attribution.

h2. Acceptance (v1.2)
Given synthetic fixtures for tenant A; when exercising `AGENT-012`; then normative behavior is observable via UI/API/events/audit within applicable NFR latency; unauthorized tenant/role/purpose denied with audit; gate `Visibility GA` checks pass. Min: 1 positive + 1 negative automated test linked to this ID.

h2. Traceability
* Requirement: AGENT-012
* Edition: Visibility
* Strategy: ADAPT
* Release gate: Visibility GA
* Parent epic: EPIC-P0-05
",,EPIC-P0-05,"phase-0,visibility,endpoint,req-id,must,agent-012",High,AGENT-012,0,Given synthetic fixtures for tenant A; when exercising `AGENT-012`; then normative behavior is observable via UI/API/events/audit within applicable NFR latency; unauthorized tenant/role/purpose denied with audit; gate `Visibility GA` checks pass. Min: 1 positive + 1 negative automated test linked to this ID.,AGENT
Story,"AGENT-013: Support remote enterprise deployment using approved management channels such as Intune, Jamf, GPO/SCCM or equivalent","h2. Normative
The platform shall support remote enterprise deployment using approved management channels such as Intune, Jamf, GPO/SCCM or equivalent.

h2. Acceptance (v1.2)
Given synthetic fixtures for tenant A; when exercising `AGENT-013`; then normative behavior is observable via UI/API/events/audit within applicable NFR latency; unauthorized tenant/role/purpose denied with audit; gate `Visibility GA` checks pass. Min: 1 positive + 1 negative automated test linked to this ID.

h2. Traceability
* Requirement: AGENT-013
* Edition: Visibility
* Strategy: ADAPT
* Release gate: Visibility GA
* Parent epic: EPIC-P0-05
",,EPIC-P0-05,"phase-0,visibility,endpoint,req-id,must,agent-013",High,AGENT-013,0,Given synthetic fixtures for tenant A; when exercising `AGENT-013`; then normative behavior is observable via UI/API/events/audit within applicable NFR latency; unauthorized tenant/role/purpose denied with audit; gate `Visibility GA` checks pass. Min: 1 positive + 1 negative automated test linked to this ID.,AGENT
Story,AGENT-014: Support interactive/manual installer packages for transparent deployments,"h2. Normative
The platform shall support interactive/manual installer packages for transparent deployments.

h2. Acceptance (v1.2)
Given synthetic fixtures for tenant A; when exercising `AGENT-014`; then normative behavior is observable via UI/API/events/audit within applicable NFR latency; unauthorized tenant/role/purpose denied with audit; gate `Visibility GA` checks pass. Min: 1 positive + 1 negative automated test linked to this ID.

h2. Traceability
* Requirement: AGENT-014
* Edition: Visibility
* Strategy: ADAPT
* Release gate: Visibility GA
* Parent epic: EPIC-P0-05
",,EPIC-P0-05,"phase-0,visibility,endpoint,req-id,must,agent-014",High,AGENT-014,0,Given synthetic fixtures for tenant A; when exercising `AGENT-014`; then normative behavior is observable via UI/API/events/audit within applicable NFR latency; unauthorized tenant/role/purpose denied with audit; gate `Visibility GA` checks pass. Min: 1 positive + 1 negative automated test linked to this ID.,AGENT
Story,AGENT-015: Support scheduled deployment and maintenance windows,"h2. Normative
The platform shall support scheduled deployment and maintenance windows.

h2. Acceptance (v1.2)
Given synthetic fixtures for tenant A; when exercising `AGENT-015`; then normative behavior is observable via UI/API/events/audit within applicable NFR latency; unauthorized tenant/role/purpose denied with audit; gate `Visibility GA` checks pass. Min: 1 positive + 1 negative automated test linked to this ID.

h2. Traceability
* Requirement: AGENT-015
* Edition: Visibility
* Strategy: ADAPT
* Release gate: Visibility GA
* Parent epic: EPIC-P0-05
",,EPIC-P0-05,"phase-0,visibility,endpoint,req-id,must,agent-015",High,AGENT-015,0,Given synthetic fixtures for tenant A; when exercising `AGENT-015`; then normative behavior is observable via UI/API/events/audit within applicable NFR latency; unauthorized tenant/role/purpose denied with audit; gate `Visibility GA` checks pass. Min: 1 positive + 1 negative automated test linked to this ID.,AGENT
Story,"AGENT-016: Support centrally managed updates using staged rings, canary groups and emergency rollback","h2. Normative
The platform shall support centrally managed updates using staged rings, canary groups and emergency rollback.

h2. Acceptance (v1.2)
Given synthetic fixtures for tenant A; when exercising `AGENT-016`; then normative behavior is observable via UI/API/events/audit within applicable NFR latency; unauthorized tenant/role/purpose denied with audit; gate `Visibility GA` checks pass. Min: 1 positive + 1 negative automated test linked to this ID.

h2. Traceability
* Requirement: AGENT-016
* Edition: Visibility
* Strategy: ADAPT
* Release gate: Visibility GA
* Parent epic: EPIC-P0-05
",,EPIC-P0-05,"phase-0,visibility,endpoint,req-id,must,agent-016",High,AGENT-016,0,Given synthetic fixtures for tenant A; when exercising `AGENT-016`; then normative behavior is observable via UI/API/events/audit within applicable NFR latency; unauthorized tenant/role/purpose denied with audit; gate `Visibility GA` checks pass. Min: 1 positive + 1 negative automated test linked to this ID.,AGENT
Story,AGENT-017: Support remote repair/reinstall workflows with administrator-visible status,"h2. Normative
The platform shall support remote repair/reinstall workflows with administrator-visible status.

h2. Acceptance (v1.2)
Given synthetic fixtures for tenant A; when exercising `AGENT-017`; then normative behavior is observable via UI/API/events/audit within applicable NFR latency; unauthorized tenant/role/purpose denied with audit; gate `Visibility GA` checks pass. Min: 1 positive + 1 negative automated test linked to this ID.

h2. Traceability
* Requirement: AGENT-017
* Edition: Visibility
* Strategy: ADAPT
* Release gate: Visibility GA
* Parent epic: EPIC-P0-05
",,EPIC-P0-05,"phase-0,visibility,endpoint,req-id,must,agent-017",High,AGENT-017,0,Given synthetic fixtures for tenant A; when exercising `AGENT-017`; then normative behavior is observable via UI/API/events/audit within applicable NFR latency; unauthorized tenant/role/purpose denied with audit; gate `Visibility GA` checks pass. Min: 1 positive + 1 negative automated test linked to this ID.,AGENT
Story,AGENT-018: Support authorized remote uninstall and cryptographic de-registration,"h2. Normative
The platform shall support authorized remote uninstall and cryptographic de-registration.

h2. Acceptance (v1.2)
Given synthetic fixtures for tenant A; when exercising `AGENT-018`; then normative behavior is observable via UI/API/events/audit within applicable NFR latency; unauthorized tenant/role/purpose denied with audit; gate `Visibility GA` checks pass. Min: 1 positive + 1 negative automated test linked to this ID.

h2. Traceability
* Requirement: AGENT-018
* Edition: Visibility
* Strategy: ADAPT
* Release gate: Visibility GA
* Parent epic: EPIC-P0-05
",,EPIC-P0-05,"phase-0,visibility,endpoint,req-id,must,agent-018",High,AGENT-018,0,Given synthetic fixtures for tenant A; when exercising `AGENT-018`; then normative behavior is observable via UI/API/events/audit within applicable NFR latency; unauthorized tenant/role/purpose denied with audit; gate `Visibility GA` checks pass. Min: 1 positive + 1 negative automated test linked to this ID.,AGENT
Story,"AGENT-019: Detect agent tampering, stopped services, corrupted components and unauthorized policy modification attempts","h2. Normative
The platform shall detect agent tampering, stopped services, corrupted components and unauthorized policy modification attempts.

h2. Acceptance (v1.2)
Given synthetic fixtures for tenant A; when exercising `AGENT-019`; then normative behavior is observable via UI/API/events/audit within applicable NFR latency; unauthorized tenant/role/purpose denied with audit; gate `Visibility GA` checks pass. Min: 1 positive + 1 negative automated test linked to this ID.

h2. Traceability
* Requirement: AGENT-019
* Edition: Visibility
* Strategy: ADAPT
* Release gate: Visibility GA
* Parent epic: EPIC-P0-05
",,EPIC-P0-05,"phase-0,visibility,endpoint,req-id,must,agent-019",High,AGENT-019,0,Given synthetic fixtures for tenant A; when exercising `AGENT-019`; then normative behavior is observable via UI/API/events/audit within applicable NFR latency; unauthorized tenant/role/purpose denied with audit; gate `Visibility GA` checks pass. Min: 1 positive + 1 negative automated test linked to this ID.,AGENT
Story,AGENT-020: Report monitoring coverage gaps and missing OS permissions without silently pretending data is complete,"h2. Normative
The platform shall report monitoring coverage gaps and missing OS permissions without silently pretending data is complete.

h2. Acceptance (v1.2)
Given synthetic fixtures for tenant A; when exercising `AGENT-020`; then normative behavior is observable via UI/API/events/audit within applicable NFR latency; unauthorized tenant/role/purpose denied with audit; gate `Visibility GA` checks pass. Min: 1 positive + 1 negative automated test linked to this ID.

h2. Traceability
* Requirement: AGENT-020
* Edition: Visibility
* Strategy: ADAPT
* Release gate: Visibility GA
* Parent epic: EPIC-P0-05
",,EPIC-P0-05,"phase-0,visibility,endpoint,req-id,must,agent-020",High,AGENT-020,0,Given synthetic fixtures for tenant A; when exercising `AGENT-020`; then normative behavior is observable via UI/API/events/audit within applicable NFR latency; unauthorized tenant/role/purpose denied with audit; gate `Visibility GA` checks pass. Min: 1 positive + 1 negative automated test linked to this ID.,AGENT
Story,"AGENT-021: Support Do Not Record exclusions by application, website, window, path, user group, schedule and privacy zone","h2. Normative
The platform shall support Do Not Record exclusions by application, website, window, path, user group, schedule and privacy zone.

h2. Acceptance (v1.2)
Given synthetic fixtures for tenant A; when exercising `AGENT-021`; then normative behavior is observable via UI/API/events/audit within applicable NFR latency; unauthorized tenant/role/purpose denied with audit; gate `Visibility GA` checks pass. Min: 1 positive + 1 negative automated test linked to this ID.

h2. Traceability
* Requirement: AGENT-021
* Edition: Visibility
* Strategy: ADAPT
* Release gate: Visibility GA
* Parent epic: EPIC-P0-05
",,EPIC-P0-05,"phase-0,visibility,endpoint,req-id,must,agent-021",High,AGENT-021,0,Given synthetic fixtures for tenant A; when exercising `AGENT-021`; then normative behavior is observable via UI/API/events/audit within applicable NFR latency; unauthorized tenant/role/purpose denied with audit; gate `Visibility GA` checks pass. Min: 1 positive + 1 negative automated test linked to this ID.,AGENT
Story,AGENT-022: Support user-visible monitoring disclosure and policy summary where configured or legally required,"h2. Normative
The platform shall support user-visible monitoring disclosure and policy summary where configured or legally required.

h2. Acceptance (v1.2)
Given synthetic fixtures for tenant A; when exercising `AGENT-022`; then normative behavior is observable via UI/API/events/audit within applicable NFR latency; unauthorized tenant/role/purpose denied with audit; gate `Visibility GA` checks pass. Min: 1 positive + 1 negative automated test linked to this ID.

h2. Traceability
* Requirement: AGENT-022
* Edition: Visibility
* Strategy: ADAPT
* Release gate: Visibility GA
* Parent epic: EPIC-P0-05
",,EPIC-P0-05,"phase-0,visibility,endpoint,req-id,must,agent-022",High,AGENT-022,0,Given synthetic fixtures for tenant A; when exercising `AGENT-022`; then normative behavior is observable via UI/API/events/audit within applicable NFR latency; unauthorized tenant/role/purpose denied with audit; gate `Visibility GA` checks pass. Min: 1 positive + 1 negative automated test linked to this ID.,AGENT
Story,AGENT-023: Support optional user pause/clock-out for transparent workforce-monitoring deployments with policy-controlled limits,"h2. Normative
The platform shall support optional user pause/clock-out for transparent workforce-monitoring deployments with policy-controlled limits.

h2. Acceptance (v1.2)
Given synthetic fixtures for tenant A; when exercising `AGENT-023`; then normative behavior is observable via UI/API/events/audit within applicable NFR latency; unauthorized tenant/role/purpose denied with audit; gate `Visibility GA` checks pass. Min: 1 positive + 1 negative automated test linked to this ID.

h2. Traceability
* Requirement: AGENT-023
* Edition: Visibility
* Strategy: ADAPT
* Release gate: Visibility GA
* Parent epic: EPIC-P0-05
",,EPIC-P0-05,"phase-0,visibility,endpoint,req-id,must,agent-023",High,AGENT-023,0,Given synthetic fixtures for tenant A; when exercising `AGENT-023`; then normative behavior is observable via UI/API/events/audit within applicable NFR latency; unauthorized tenant/role/purpose denied with audit; gate `Visibility GA` checks pass. Min: 1 positive + 1 negative automated test linked to this ID.,AGENT
Story,"AGENT-024: Support focused-observation elevation with explicit reason, approver, scope, start time, expiry and automatic reversion","h2. Normative
The platform shall support focused-observation elevation with explicit reason, approver, scope, start time, expiry and automatic reversion.

h2. Acceptance (v1.2)
Given synthetic fixtures for tenant A; when exercising `AGENT-024`; then normative behavior is observable via UI/API/events/audit within applicable NFR latency; unauthorized tenant/role/purpose denied with audit; gate `Visibility GA` checks pass. Min: 1 positive + 1 negative automated test linked to this ID.

h2. Traceability
* Requirement: AGENT-024
* Edition: Visibility
* Strategy: ADAPT
* Release gate: Visibility GA
* Parent epic: EPIC-P0-05
",,EPIC-P0-05,"phase-0,visibility,endpoint,req-id,must,agent-024",High,AGENT-024,0,Given synthetic fixtures for tenant A; when exercising `AGENT-024`; then normative behavior is observable via UI/API/events/audit within applicable NFR latency; unauthorized tenant/role/purpose denied with audit; gate `Visibility GA` checks pass. Min: 1 positive + 1 negative automated test linked to this ID.,AGENT
Story,"AGENT-025: Support collection level 0 Excluded, level 1 Metadata, level 2 Enriched Context, level 3 Focused Evidence and level 4 Preventive Control","h2. Normative
The platform shall support collection level 0 Excluded, level 1 Metadata, level 2 Enriched Context, level 3 Focused Evidence and level 4 Preventive Control.

h2. Acceptance (v1.2)
Given synthetic fixtures for tenant A; when exercising `AGENT-025`; then normative behavior is observable via UI/API/events/audit within applicable NFR latency; unauthorized tenant/role/purpose denied with audit; gate `Visibility GA` checks pass. Min: 1 positive + 1 negative automated test linked to this ID.

h2. Traceability
* Requirement: AGENT-025
* Edition: Visibility
* Strategy: ADAPT
* Release gate: Visibility GA
* Parent epic: EPIC-P0-05
",,EPIC-P0-05,"phase-0,visibility,endpoint,req-id,must,agent-025",High,AGENT-025,0,Given synthetic fixtures for tenant A; when exercising `AGENT-025`; then normative behavior is observable via UI/API/events/audit within applicable NFR latency; unauthorized tenant/role/purpose denied with audit; gate `Visibility GA` checks pass. Min: 1 positive + 1 negative automated test linked to this ID.,AGENT
Story,AGENT-026: Ensure high-risk collection modes have visibly distinct administrative state and cannot be enabled through ambiguous toggles,"h2. Normative
The platform shall ensure high-risk collection modes have visibly distinct administrative state and cannot be enabled through ambiguous toggles.

h2. Acceptance (v1.2)
Given synthetic fixtures for tenant A; when exercising `AGENT-026`; then normative behavior is observable via UI/API/events/audit within applicable NFR latency; unauthorized tenant/role/purpose denied with audit; gate `Visibility GA` checks pass. Min: 1 positive + 1 negative automated test linked to this ID.

h2. Traceability
* Requirement: AGENT-026
* Edition: Visibility
* Strategy: ADAPT
* Release gate: Visibility GA
* Parent epic: EPIC-P0-05
",,EPIC-P0-05,"phase-0,visibility,endpoint,req-id,must,agent-026",High,AGENT-026,0,Given synthetic fixtures for tenant A; when exercising `AGENT-026`; then normative behavior is observable via UI/API/events/audit within applicable NFR latency; unauthorized tenant/role/purpose denied with audit; gate `Visibility GA` checks pass. Min: 1 positive + 1 negative automated test linked to this ID.,AGENT
Story,AGENT-027: Cache the minimum policy needed to continue safely while offline,"h2. Normative
The platform shall cache the minimum policy needed to continue safely while offline.

h2. Acceptance (v1.2)
Given synthetic fixtures for tenant A; when exercising `AGENT-027`; then normative behavior is observable via UI/API/events/audit within applicable NFR latency; unauthorized tenant/role/purpose denied with audit; gate `Visibility GA` checks pass. Min: 1 positive + 1 negative automated test linked to this ID.

h2. Traceability
* Requirement: AGENT-027
* Edition: Visibility
* Strategy: ADAPT
* Release gate: Visibility GA
* Parent epic: EPIC-P0-05
",,EPIC-P0-05,"phase-0,visibility,endpoint,req-id,must,agent-027",High,AGENT-027,0,Given synthetic fixtures for tenant A; when exercising `AGENT-027`; then normative behavior is observable via UI/API/events/audit within applicable NFR latency; unauthorized tenant/role/purpose denied with audit; gate `Visibility GA` checks pass. Min: 1 positive + 1 negative automated test linked to this ID.,AGENT
Story,AGENT-028: Support tenant-configurable local-retention limits and secure local deletion after upload/expiry,"h2. Normative
The platform shall support tenant-configurable local-retention limits and secure local deletion after upload/expiry.

h2. Acceptance (v1.2)
Given synthetic fixtures for tenant A; when exercising `AGENT-028`; then normative behavior is observable via UI/API/events/audit within applicable NFR latency; unauthorized tenant/role/purpose denied with audit; gate `Visibility GA` checks pass. Min: 1 positive + 1 negative automated test linked to this ID.

h2. Traceability
* Requirement: AGENT-028
* Edition: Visibility
* Strategy: ADAPT
* Release gate: Visibility GA
* Parent epic: EPIC-P0-05
",,EPIC-P0-05,"phase-0,visibility,endpoint,req-id,must,agent-028",High,AGENT-028,0,Given synthetic fixtures for tenant A; when exercising `AGENT-028`; then normative behavior is observable via UI/API/events/audit within applicable NFR latency; unauthorized tenant/role/purpose denied with audit; gate `Visibility GA` checks pass. Min: 1 positive + 1 negative automated test linked to this ID.,AGENT
Story,AGENT-029: Support agent self-diagnostics bundle generation without exposing employee content by default,"h2. Normative
The platform shall support agent self-diagnostics bundle generation without exposing employee content by default.

h2. Acceptance (v1.2)
Given synthetic fixtures for tenant A; when exercising `AGENT-029`; then normative behavior is observable via UI/API/events/audit within applicable NFR latency; unauthorized tenant/role/purpose denied with audit; gate `Visibility GA` checks pass. Min: 1 positive + 1 negative automated test linked to this ID.

h2. Traceability
* Requirement: AGENT-029
* Edition: Visibility
* Strategy: ADAPT
* Release gate: Visibility GA
* Parent epic: EPIC-P0-05
",,EPIC-P0-05,"phase-0,visibility,endpoint,req-id,must,agent-029",High,AGENT-029,0,Given synthetic fixtures for tenant A; when exercising `AGENT-029`; then normative behavior is observable via UI/API/events/audit within applicable NFR latency; unauthorized tenant/role/purpose denied with audit; gate `Visibility GA` checks pass. Min: 1 positive + 1 negative automated test linked to this ID.,AGENT
Story,AGENT-030: Expose capability discovery so the console only offers controls supported by the endpoint OS and agent version,"h2. Normative
The platform shall expose capability discovery so the console only offers controls supported by the endpoint OS and agent version.

h2. Acceptance (v1.2)
Given synthetic fixtures for tenant A; when exercising `AGENT-030`; then normative behavior is observable via UI/API/events/audit within applicable NFR latency; unauthorized tenant/role/purpose denied with audit; gate `Visibility GA` checks pass. Min: 1 positive + 1 negative automated test linked to this ID.

h2. Traceability
* Requirement: AGENT-030
* Edition: Visibility
* Strategy: ADAPT
* Release gate: Visibility GA
* Parent epic: EPIC-P0-05
",,EPIC-P0-05,"phase-0,visibility,endpoint,req-id,must,agent-030",High,AGENT-030,0,Given synthetic fixtures for tenant A; when exercising `AGENT-030`; then normative behavior is observable via UI/API/events/audit within applicable NFR latency; unauthorized tenant/role/purpose denied with audit; gate `Visibility GA` checks pass. Min: 1 positive + 1 negative automated test linked to this ID.,AGENT
Story,"AGENT-031: Support command acknowledgement and idempotency for deploy, update, policy, uninstall and diagnostic actions","h2. Normative
The platform shall support command acknowledgement and idempotency for deploy, update, policy, uninstall and diagnostic actions.

h2. Acceptance (v1.2)
Given synthetic fixtures for tenant A; when exercising `AGENT-031`; then normative behavior is observable via UI/API/events/audit within applicable NFR latency; unauthorized tenant/role/purpose denied with audit; gate `Visibility GA` checks pass. Min: 1 positive + 1 negative automated test linked to this ID.

h2. Traceability
* Requirement: AGENT-031
* Edition: Visibility
* Strategy: ADAPT
* Release gate: Visibility GA
* Parent epic: EPIC-P0-05
",,EPIC-P0-05,"phase-0,visibility,endpoint,req-id,must,agent-031",High,AGENT-031,0,Given synthetic fixtures for tenant A; when exercising `AGENT-031`; then normative behavior is observable via UI/API/events/audit within applicable NFR latency; unauthorized tenant/role/purpose denied with audit; gate `Visibility GA` checks pass. Min: 1 positive + 1 negative automated test linked to this ID.,AGENT
Story,"AGENT-032: Provide fleet-level success/failure metrics for deployment, upgrades, policy propagation and event delivery","h2. Normative
The platform shall provide fleet-level success/failure metrics for deployment, upgrades, policy propagation and event delivery.

h2. Acceptance (v1.2)
Given synthetic fixtures for tenant A; when exercising `AGENT-032`; then normative behavior is observable via UI/API/events/audit within applicable NFR latency; unauthorized tenant/role/purpose denied with audit; gate `Visibility GA` checks pass. Min: 1 positive + 1 negative automated test linked to this ID.

h2. Traceability
* Requirement: AGENT-032
* Edition: Visibility
* Strategy: ADAPT
* Release gate: Visibility GA
* Parent epic: EPIC-P0-05
",,EPIC-P0-05,"phase-0,visibility,endpoint,req-id,must,agent-032",High,AGENT-032,0,Given synthetic fixtures for tenant A; when exercising `AGENT-032`; then normative behavior is observable via UI/API/events/audit within applicable NFR latency; unauthorized tenant/role/purpose denied with audit; gate `Visibility GA` checks pass. Min: 1 positive + 1 negative automated test linked to this ID.,AGENT
Story,AGENT-033: Support controlled beta channels for new OS versions and feature collectors,"h2. Normative
The platform shall support controlled beta channels for new OS versions and feature collectors.

h2. Acceptance (v1.2)
Given synthetic fixtures for tenant A; when exercising `AGENT-033`; then normative behavior is observable via UI/API/events/audit within applicable NFR latency; unauthorized tenant/role/purpose denied with audit; gate `Visibility GA` checks pass. Min: 1 positive + 1 negative automated test linked to this ID.

h2. Traceability
* Requirement: AGENT-033
* Edition: Visibility
* Strategy: ADAPT
* Release gate: Visibility GA
* Parent epic: EPIC-P0-05
",,EPIC-P0-05,"phase-0,visibility,endpoint,req-id,must,agent-033",High,AGENT-033,0,Given synthetic fixtures for tenant A; when exercising `AGENT-033`; then normative behavior is observable via UI/API/events/audit within applicable NFR latency; unauthorized tenant/role/purpose denied with audit; gate `Visibility GA` checks pass. Min: 1 positive + 1 negative automated test linked to this ID.,AGENT
Story,NFR-001: Endpoint CPU normal mode,"h2. Normative
The reference desktop agent in Level 1 metadata mode shall average below 2% CPU on defined benchmark workloads and shall publish p95 measurements.

h2. Acceptance (v1.2)
CI benchmark artifact: agent mean CPU < 2% on reference Level-1 workload; publish p95.

h2. Traceability
* Requirement: NFR-001
* Edition: Visibility
* Strategy: SURPASS
* Release gate: Visibility GA
* Parent epic: EPIC-P0-06
",,EPIC-P0-06,"phase-0,visibility,nfr,req-id,must,nfr-001",Highest,NFR-001,0,CI benchmark artifact: agent mean CPU < 2% on reference Level-1 workload; publish p95.,NFR
Story,NFR-002: Endpoint memory normal mode,"h2. Normative
The reference desktop agent shall target less than 150 MB resident memory in normal metadata mode, with documented exceptions for collectors.

h2. Acceptance (v1.2)
CI benchmark: resident memory < 150MB Level-1 mode + 24h leak test pass.

h2. Traceability
* Requirement: NFR-002
* Edition: Visibility
* Strategy: SURPASS
* Release gate: Visibility GA
* Parent epic: EPIC-P0-06
",,EPIC-P0-06,"phase-0,visibility,nfr,req-id,must,nfr-002",Highest,NFR-002,0,CI benchmark: resident memory < 150MB Level-1 mode + 24h leak test pass.,NFR
Story,NFR-003: Endpoint stability,"h2. Normative
Agent failure shall not prevent normal endpoint login or ordinary business applications from running.

h2. Acceptance (v1.2)
Fault injection: agent crash/corrupt queue/network loss does not block login or ordinary apps.

h2. Traceability
* Requirement: NFR-003
* Edition: Visibility
* Strategy: SURPASS
* Release gate: Visibility GA
* Parent epic: EPIC-P0-06
",,EPIC-P0-06,"phase-0,visibility,nfr,req-id,must,nfr-003",Highest,NFR-003,0,Fault injection: agent crash/corrupt queue/network loss does not block login or ordinary apps.,NFR
Story,NFR-004: Ingestion freshness,"h2. Normative
At least 95% of normal telemetry shall become queryable within 30 seconds of receipt under rated load.

h2. Acceptance (v1.2)
Load test: ≥95% telemetry queryable within 30s of receipt under rated load.

h2. Traceability
* Requirement: NFR-004
* Edition: Visibility
* Strategy: SURPASS
* Release gate: Visibility GA
* Parent epic: EPIC-P0-06
",,EPIC-P0-06,"phase-0,visibility,nfr,req-id,must,nfr-004",Highest,NFR-004,0,Load test: ≥95% telemetry queryable within 30s of receipt under rated load.,NFR
Story,NFR-005: Critical alert latency,"h2. Normative
Deterministic critical alerts shall be generated within 60 seconds p95 after the required event set is ingested.

h2. Acceptance (v1.2)
Deterministic critical alerts p95 ≤ 60s after required event set ingested.

h2. Traceability
* Requirement: NFR-005
* Edition: Visibility
* Strategy: SURPASS
* Release gate: Visibility GA
* Parent epic: EPIC-P0-06
",,EPIC-P0-06,"phase-0,visibility,nfr,req-id,must,nfr-005",Highest,NFR-005,0,Deterministic critical alerts p95 ≤ 60s after required event set ingested.,NFR
Story,NFR-006: Dashboard latency,"h2. Normative
Common 30-day aggregate dashboards shall respond within 3 seconds p95 for rated tenant sizes.

h2. Acceptance (v1.2)
Common 30-day aggregate dashboards p95 ≤ 3s at rated tenant size.

h2. Traceability
* Requirement: NFR-006
* Edition: Visibility
* Strategy: SURPASS
* Release gate: Visibility GA
* Parent epic: EPIC-P0-06
",,EPIC-P0-06,"phase-0,visibility,nfr,req-id,must,nfr-006",Highest,NFR-006,0,Common 30-day aggregate dashboards p95 ≤ 3s at rated tenant size.,NFR
Story,NFR-008: Scale,"h2. Normative
A production deployment tier shall support at least 100,000 concurrently reporting endpoints and horizontal scale to millions of events per minute through additional partitions/nodes.

h2. Acceptance (v1.2)
Given synthetic fixtures for tenant A; when exercising `NFR-008`; then normative behavior is observable via UI/API/events/audit within applicable NFR latency; unauthorized tenant/role/purpose denied with audit; gate `Visibility GA` checks pass. Min: 1 positive + 1 negative automated test linked to this ID.

h2. Traceability
* Requirement: NFR-008
* Edition: Visibility
* Strategy: SURPASS
* Release gate: Visibility GA
* Parent epic: EPIC-P0-06
",,EPIC-P0-06,"phase-0,visibility,nfr,req-id,must,nfr-008",Highest,NFR-008,0,Given synthetic fixtures for tenant A; when exercising `NFR-008`; then normative behavior is observable via UI/API/events/audit within applicable NFR latency; unauthorized tenant/role/purpose denied with audit; gate `Visibility GA` checks pass. Min: 1 positive + 1 negative automated test linked to this ID.,NFR
Story,NFR-009: Availability,"h2. Normative
Cloud control plane target availability shall be at least 99.9% monthly excluding announced maintenance.

h2. Acceptance (v1.2)
Given synthetic fixtures for tenant A; when exercising `NFR-009`; then normative behavior is observable via UI/API/events/audit within applicable NFR latency; unauthorized tenant/role/purpose denied with audit; gate `Visibility GA` checks pass. Min: 1 positive + 1 negative automated test linked to this ID.

h2. Traceability
* Requirement: NFR-009
* Edition: Visibility
* Strategy: SURPASS
* Release gate: Visibility GA
* Parent epic: EPIC-P0-06
",,EPIC-P0-06,"phase-0,visibility,nfr,req-id,must,nfr-009",Highest,NFR-009,0,Given synthetic fixtures for tenant A; when exercising `NFR-009`; then normative behavior is observable via UI/API/events/audit within applicable NFR latency; unauthorized tenant/role/purpose denied with audit; gate `Visibility GA` checks pass. Min: 1 positive + 1 negative automated test linked to this ID.,NFR
Story,NFR-012: Transport security,"h2. Normative
All external and inter-service sensitive traffic shall use TLS 1.2+ with TLS 1.3 preferred.

h2. Acceptance (v1.2)
Given synthetic fixtures for tenant A; when exercising `NFR-012`; then normative behavior is observable via UI/API/events/audit within applicable NFR latency; unauthorized tenant/role/purpose denied with audit; gate `Visibility GA` checks pass. Min: 1 positive + 1 negative automated test linked to this ID.

h2. Traceability
* Requirement: NFR-012
* Edition: Visibility
* Strategy: SURPASS
* Release gate: Visibility GA
* Parent epic: EPIC-P0-06
",,EPIC-P0-06,"phase-0,visibility,nfr,req-id,must,nfr-012",Highest,NFR-012,0,Given synthetic fixtures for tenant A; when exercising `NFR-012`; then normative behavior is observable via UI/API/events/audit within applicable NFR latency; unauthorized tenant/role/purpose denied with audit; gate `Visibility GA` checks pass. Min: 1 positive + 1 negative automated test linked to this ID.,NFR
Story,NFR-013: Encryption at rest,"h2. Normative
Sensitive databases, object evidence, queues and backups shall be encrypted at rest.

h2. Acceptance (v1.2)
Given synthetic fixtures for tenant A; when exercising `NFR-013`; then normative behavior is observable via UI/API/events/audit within applicable NFR latency; unauthorized tenant/role/purpose denied with audit; gate `Visibility GA` checks pass. Min: 1 positive + 1 negative automated test linked to this ID.

h2. Traceability
* Requirement: NFR-013
* Edition: Visibility
* Strategy: SURPASS
* Release gate: Visibility GA
* Parent epic: EPIC-P0-06
",,EPIC-P0-06,"phase-0,visibility,nfr,req-id,must,nfr-013",Highest,NFR-013,0,Given synthetic fixtures for tenant A; when exercising `NFR-013`; then normative behavior is observable via UI/API/events/audit within applicable NFR latency; unauthorized tenant/role/purpose denied with audit; gate `Visibility GA` checks pass. Min: 1 positive + 1 negative automated test linked to this ID.,NFR
Story,NFR-014: Tenant isolation,"h2. Normative
No tenant shall access another tenant data through UI, API, search, analytics, AI context or support tooling.

h2. Acceptance (v1.2)
Automated cross-tenant negative tests across UI, API, search, evidence, AI retrieval.

h2. Traceability
* Requirement: NFR-014
* Edition: Visibility
* Strategy: SURPASS
* Release gate: Visibility GA
* Parent epic: EPIC-P0-06
",,EPIC-P0-06,"phase-0,visibility,nfr,req-id,must,nfr-014",Highest,NFR-014,0,"Automated cross-tenant negative tests across UI, API, search, evidence, AI retrieval.",NFR
Story,NFR-015: Secure SDLC,"h2. Normative
Services and agents shall use code review, SAST, dependency/SBOM scanning, secret scanning and release signing.

h2. Acceptance (v1.2)
Given synthetic fixtures for tenant A; when exercising `NFR-015`; then normative behavior is observable via UI/API/events/audit within applicable NFR latency; unauthorized tenant/role/purpose denied with audit; gate `Visibility GA` checks pass. Min: 1 positive + 1 negative automated test linked to this ID.

h2. Traceability
* Requirement: NFR-015
* Edition: Visibility
* Strategy: SURPASS
* Release gate: Visibility GA
* Parent epic: EPIC-P0-06
",,EPIC-P0-06,"phase-0,visibility,nfr,req-id,must,nfr-015",Highest,NFR-015,0,Given synthetic fixtures for tenant A; when exercising `NFR-015`; then normative behavior is observable via UI/API/events/audit within applicable NFR latency; unauthorized tenant/role/purpose denied with audit; gate `Visibility GA` checks pass. Min: 1 positive + 1 negative automated test linked to this ID.,NFR
Story,NFR-016: Agent signing,"h2. Normative
All distributed agents/installers/updates shall be signed and verified before execution.

h2. Acceptance (v1.2)
Given synthetic fixtures for tenant A; when exercising `NFR-016`; then normative behavior is observable via UI/API/events/audit within applicable NFR latency; unauthorized tenant/role/purpose denied with audit; gate `Visibility GA` checks pass. Min: 1 positive + 1 negative automated test linked to this ID.

h2. Traceability
* Requirement: NFR-016
* Edition: Visibility
* Strategy: SURPASS
* Release gate: Visibility GA
* Parent epic: EPIC-P0-06
",,EPIC-P0-06,"phase-0,visibility,nfr,req-id,must,nfr-016",Highest,NFR-016,0,Given synthetic fixtures for tenant A; when exercising `NFR-016`; then normative behavior is observable via UI/API/events/audit within applicable NFR latency; unauthorized tenant/role/purpose denied with audit; gate `Visibility GA` checks pass. Min: 1 positive + 1 negative automated test linked to this ID.,NFR
Story,NFR-017: Audit immutability,"h2. Normative
Security/privacy/audit records shall be append-only or tamper-evident with retention controls.

h2. Acceptance (v1.2)
Given synthetic fixtures for tenant A; when exercising `NFR-017`; then normative behavior is observable via UI/API/events/audit within applicable NFR latency; unauthorized tenant/role/purpose denied with audit; gate `Visibility GA` checks pass. Min: 1 positive + 1 negative automated test linked to this ID.

h2. Traceability
* Requirement: NFR-017
* Edition: Visibility
* Strategy: SURPASS
* Release gate: Visibility GA
* Parent epic: EPIC-P0-06
",,EPIC-P0-06,"phase-0,visibility,nfr,req-id,must,nfr-017",Highest,NFR-017,0,Given synthetic fixtures for tenant A; when exercising `NFR-017`; then normative behavior is observable via UI/API/events/audit within applicable NFR latency; unauthorized tenant/role/purpose denied with audit; gate `Visibility GA` checks pass. Min: 1 positive + 1 negative automated test linked to this ID.,NFR
Story,NFR-018: Privacy default,"h2. Normative
New tenants shall have Level 1 metadata monitoring as the default and intrusive collectors disabled.

h2. Acceptance (v1.2)
Fresh-tenant config test: Level-1 default; Level-3 requires purpose+expiry.

h2. Traceability
* Requirement: NFR-018
* Edition: Visibility
* Strategy: SURPASS
* Release gate: Visibility GA
* Parent epic: EPIC-P0-06
",,EPIC-P0-06,"phase-0,visibility,nfr,req-id,must,nfr-018",Highest,NFR-018,0,Fresh-tenant config test: Level-1 default; Level-3 requires purpose+expiry.,NFR
Story,NFR-019: Focused monitoring expiry,"h2. Normative
Every Level 3 focused policy shall have an expiry; expired policies shall automatically revert.

h2. Acceptance (v1.2)
Time-advance test: expired Level-3 policy auto-reverts within one agent check-in.

h2. Traceability
* Requirement: NFR-019
* Edition: Visibility
* Strategy: SURPASS
* Release gate: Visibility GA
* Parent epic: EPIC-P0-06
",,EPIC-P0-06,"phase-0,visibility,nfr,req-id,must,nfr-019",Highest,NFR-019,0,Time-advance test: expired Level-3 policy auto-reverts within one agent check-in.,NFR
Story,NFR-023: API compatibility,"h2. Normative
Breaking API changes shall require a new version and published migration period.

h2. Acceptance (v1.2)
Given synthetic fixtures for tenant A; when exercising `NFR-023`; then normative behavior is observable via UI/API/events/audit within applicable NFR latency; unauthorized tenant/role/purpose denied with audit; gate `Visibility GA` checks pass. Min: 1 positive + 1 negative automated test linked to this ID.

h2. Traceability
* Requirement: NFR-023
* Edition: Visibility
* Strategy: SURPASS
* Release gate: Visibility GA
* Parent epic: EPIC-P0-06
",,EPIC-P0-06,"phase-0,visibility,nfr,req-id,must,nfr-023",Highest,NFR-023,0,Given synthetic fixtures for tenant A; when exercising `NFR-023`; then normative behavior is observable via UI/API/events/audit within applicable NFR latency; unauthorized tenant/role/purpose denied with audit; gate `Visibility GA` checks pass. Min: 1 positive + 1 negative automated test linked to this ID.,NFR
Story,NFR-024: Schema compatibility,"h2. Normative
Event consumers shall accept current and documented prior schema versions during rolling upgrades.

h2. Acceptance (v1.2)
Given synthetic fixtures for tenant A; when exercising `NFR-024`; then normative behavior is observable via UI/API/events/audit within applicable NFR latency; unauthorized tenant/role/purpose denied with audit; gate `Visibility GA` checks pass. Min: 1 positive + 1 negative automated test linked to this ID.

h2. Traceability
* Requirement: NFR-024
* Edition: Visibility
* Strategy: SURPASS
* Release gate: Visibility GA
* Parent epic: EPIC-P0-06
",,EPIC-P0-06,"phase-0,visibility,nfr,req-id,must,nfr-024",Highest,NFR-024,0,Given synthetic fixtures for tenant A; when exercising `NFR-024`; then normative behavior is observable via UI/API/events/audit within applicable NFR latency; unauthorized tenant/role/purpose denied with audit; gate `Visibility GA` checks pass. Min: 1 positive + 1 negative automated test linked to this ID.,NFR
Story,NFR-025: Data integrity,"h2. Normative
Evidence objects shall have cryptographic hashes and integrity verification during export/retrieval.

h2. Acceptance (v1.2)
Given synthetic fixtures for tenant A; when exercising `NFR-025`; then normative behavior is observable via UI/API/events/audit within applicable NFR latency; unauthorized tenant/role/purpose denied with audit; gate `Visibility GA` checks pass. Min: 1 positive + 1 negative automated test linked to this ID.

h2. Traceability
* Requirement: NFR-025
* Edition: Visibility
* Strategy: SURPASS
* Release gate: Visibility GA
* Parent epic: EPIC-P0-06
",,EPIC-P0-06,"phase-0,visibility,nfr,req-id,must,nfr-025",Highest,NFR-025,0,Given synthetic fixtures for tenant A; when exercising `NFR-025`; then normative behavior is observable via UI/API/events/audit within applicable NFR latency; unauthorized tenant/role/purpose denied with audit; gate `Visibility GA` checks pass. Min: 1 positive + 1 negative automated test linked to this ID.,NFR
Story,NFR-026: Chain of custody,"h2. Normative
Evidence exports shall include manifest, hashes, timestamps, source IDs and export actor.

h2. Acceptance (v1.2)
Given synthetic fixtures for tenant A; when exercising `NFR-026`; then normative behavior is observable via UI/API/events/audit within applicable NFR latency; unauthorized tenant/role/purpose denied with audit; gate `Visibility GA` checks pass. Min: 1 positive + 1 negative automated test linked to this ID.

h2. Traceability
* Requirement: NFR-026
* Edition: Visibility
* Strategy: SURPASS
* Release gate: Visibility GA
* Parent epic: EPIC-P0-06
",,EPIC-P0-06,"phase-0,visibility,nfr,req-id,must,nfr-026",Highest,NFR-026,0,Given synthetic fixtures for tenant A; when exercising `NFR-026`; then normative behavior is observable via UI/API/events/audit within applicable NFR latency; unauthorized tenant/role/purpose denied with audit; gate `Visibility GA` checks pass. Min: 1 positive + 1 negative automated test linked to this ID.,NFR
Story,NFR-031: Data minimization,"h2. Normative
Collectors shall emit only fields required by enabled policy/capability.

h2. Acceptance (v1.2)
Given synthetic fixtures for tenant A; when exercising `NFR-031`; then normative behavior is observable via UI/API/events/audit within applicable NFR latency; unauthorized tenant/role/purpose denied with audit; gate `Visibility GA` checks pass. Min: 1 positive + 1 negative automated test linked to this ID.

h2. Traceability
* Requirement: NFR-031
* Edition: Visibility
* Strategy: SURPASS
* Release gate: Visibility GA
* Parent epic: EPIC-P0-06
",,EPIC-P0-06,"phase-0,visibility,nfr,req-id,must,nfr-031",Highest,NFR-031,0,Given synthetic fixtures for tenant A; when exercising `NFR-031`; then normative behavior is observable via UI/API/events/audit within applicable NFR latency; unauthorized tenant/role/purpose denied with audit; gate `Visibility GA` checks pass. Min: 1 positive + 1 negative automated test linked to this ID.,NFR
Story,NFR-032: Retention enforcement,"h2. Normative
Expired data shall be purged within configured operational SLA unless held.

h2. Acceptance (v1.2)
Given synthetic fixtures for tenant A; when exercising `NFR-032`; then normative behavior is observable via UI/API/events/audit within applicable NFR latency; unauthorized tenant/role/purpose denied with audit; gate `Visibility GA` checks pass. Min: 1 positive + 1 negative automated test linked to this ID.

h2. Traceability
* Requirement: NFR-032
* Edition: Visibility
* Strategy: SURPASS
* Release gate: Visibility GA
* Parent epic: EPIC-P0-06
",,EPIC-P0-06,"phase-0,visibility,nfr,req-id,must,nfr-032",Highest,NFR-032,0,Given synthetic fixtures for tenant A; when exercising `NFR-032`; then normative behavior is observable via UI/API/events/audit within applicable NFR latency; unauthorized tenant/role/purpose denied with audit; gate `Visibility GA` checks pass. Min: 1 positive + 1 negative automated test linked to this ID.,NFR
Story,NFR-033: Legal hold precedence,"h2. Normative
Legal hold shall prevent governed evidence deletion while recording hold reason/owner.

h2. Acceptance (v1.2)
Given synthetic fixtures for tenant A; when exercising `NFR-033`; then normative behavior is observable via UI/API/events/audit within applicable NFR latency; unauthorized tenant/role/purpose denied with audit; gate `Visibility GA` checks pass. Min: 1 positive + 1 negative automated test linked to this ID.

h2. Traceability
* Requirement: NFR-033
* Edition: Visibility
* Strategy: SURPASS
* Release gate: Visibility GA
* Parent epic: EPIC-P0-06
",,EPIC-P0-06,"phase-0,visibility,nfr,req-id,must,nfr-033",Highest,NFR-033,0,Given synthetic fixtures for tenant A; when exercising `NFR-033`; then normative behavior is observable via UI/API/events/audit within applicable NFR latency; unauthorized tenant/role/purpose denied with audit; gate `Visibility GA` checks pass. Min: 1 positive + 1 negative automated test linked to this ID.,NFR
Story,NFR-034: Observability,"h2. Normative
All services shall emit health, latency, errors, queue lag and saturation metrics with correlation IDs.

h2. Acceptance (v1.2)
Given synthetic fixtures for tenant A; when exercising `NFR-034`; then normative behavior is observable via UI/API/events/audit within applicable NFR latency; unauthorized tenant/role/purpose denied with audit; gate `Visibility GA` checks pass. Min: 1 positive + 1 negative automated test linked to this ID.

h2. Traceability
* Requirement: NFR-034
* Edition: Visibility
* Strategy: SURPASS
* Release gate: Visibility GA
* Parent epic: EPIC-P0-06
",,EPIC-P0-06,"phase-0,visibility,nfr,req-id,must,nfr-034",Highest,NFR-034,0,Given synthetic fixtures for tenant A; when exercising `NFR-034`; then normative behavior is observable via UI/API/events/audit within applicable NFR latency; unauthorized tenant/role/purpose denied with audit; gate `Visibility GA` checks pass. Min: 1 positive + 1 negative automated test linked to this ID.,NFR
Story,NFR-035: Safe rollout,"h2. Normative
Server and agent releases shall support canary/staged rollout and rollback.

h2. Acceptance (v1.2)
Given synthetic fixtures for tenant A; when exercising `NFR-035`; then normative behavior is observable via UI/API/events/audit within applicable NFR latency; unauthorized tenant/role/purpose denied with audit; gate `Visibility GA` checks pass. Min: 1 positive + 1 negative automated test linked to this ID.

h2. Traceability
* Requirement: NFR-035
* Edition: Visibility
* Strategy: SURPASS
* Release gate: Visibility GA
* Parent epic: EPIC-P0-06
",,EPIC-P0-06,"phase-0,visibility,nfr,req-id,must,nfr-035",Highest,NFR-035,0,Given synthetic fixtures for tenant A; when exercising `NFR-035`; then normative behavior is observable via UI/API/events/audit within applicable NFR latency; unauthorized tenant/role/purpose denied with audit; gate `Visibility GA` checks pass. Min: 1 positive + 1 negative automated test linked to this ID.,NFR
Story,NFR-036: Data-quality visibility,"h2. Normative
Missing/late collector data shall be visible in dashboards and APIs and shall not silently lower risk/productivity metrics as if complete.

h2. Acceptance (v1.2)
Collector outage: dashboards/APIs show coverage warning; metrics not treated as complete.

h2. Traceability
* Requirement: NFR-036
* Edition: Visibility
* Strategy: SURPASS
* Release gate: Visibility GA
* Parent epic: EPIC-P0-06
",,EPIC-P0-06,"phase-0,visibility,nfr,req-id,must,nfr-036",Highest,NFR-036,0,Collector outage: dashboards/APIs show coverage warning; metrics not treated as complete.,NFR
Story,NFR-039: Secrets,"h2. Normative
Secrets shall not be stored in source code or ordinary configuration tables in plaintext.

h2. Acceptance (v1.2)
Given synthetic fixtures for tenant A; when exercising `NFR-039`; then normative behavior is observable via UI/API/events/audit within applicable NFR latency; unauthorized tenant/role/purpose denied with audit; gate `Visibility GA` checks pass. Min: 1 positive + 1 negative automated test linked to this ID.

h2. Traceability
* Requirement: NFR-039
* Edition: Visibility
* Strategy: SURPASS
* Release gate: Visibility GA
* Parent epic: EPIC-P0-06
",,EPIC-P0-06,"phase-0,visibility,nfr,req-id,must,nfr-039",Highest,NFR-039,0,Given synthetic fixtures for tenant A; when exercising `NFR-039`; then normative behavior is observable via UI/API/events/audit within applicable NFR latency; unauthorized tenant/role/purpose denied with audit; gate `Visibility GA` checks pass. Min: 1 positive + 1 negative automated test linked to this ID.,NFR
Story,NFR-040: Rate limiting,"h2. Normative
Public APIs and sensitive actions shall have tenant/user-aware rate limiting and abuse controls.

h2. Acceptance (v1.2)
Given synthetic fixtures for tenant A; when exercising `NFR-040`; then normative behavior is observable via UI/API/events/audit within applicable NFR latency; unauthorized tenant/role/purpose denied with audit; gate `Visibility GA` checks pass. Min: 1 positive + 1 negative automated test linked to this ID.

h2. Traceability
* Requirement: NFR-040
* Edition: Visibility
* Strategy: SURPASS
* Release gate: Visibility GA
* Parent epic: EPIC-P0-06
",,EPIC-P0-06,"phase-0,visibility,nfr,req-id,must,nfr-040",Highest,NFR-040,0,Given synthetic fixtures for tenant A; when exercising `NFR-040`; then normative behavior is observable via UI/API/events/audit within applicable NFR latency; unauthorized tenant/role/purpose denied with audit; gate `Visibility GA` checks pass. Min: 1 positive + 1 negative automated test linked to this ID.,NFR
Story,NFR-042: Alert deduplication,"h2. Normative
Repeated identical events shall not create uncontrolled alert storms when aggregation policy is enabled.

h2. Acceptance (v1.2)
Given synthetic fixtures for tenant A; when exercising `NFR-042`; then normative behavior is observable via UI/API/events/audit within applicable NFR latency; unauthorized tenant/role/purpose denied with audit; gate `Visibility GA` checks pass. Min: 1 positive + 1 negative automated test linked to this ID.

h2. Traceability
* Requirement: NFR-042
* Edition: Visibility
* Strategy: SURPASS
* Release gate: Visibility GA
* Parent epic: EPIC-P0-06
",,EPIC-P0-06,"phase-0,visibility,nfr,req-id,must,nfr-042",Highest,NFR-042,0,Given synthetic fixtures for tenant A; when exercising `NFR-042`; then normative behavior is observable via UI/API/events/audit within applicable NFR latency; unauthorized tenant/role/purpose denied with audit; gate `Visibility GA` checks pass. Min: 1 positive + 1 negative automated test linked to this ID.,NFR
Story,NFR-043: Policy simulation safety,"h2. Normative
Simulation shall never enforce block/terminate or increase monitoring on production endpoints.

h2. Acceptance (v1.2)
Simulation of block rule produces zero endpoint enforcement side effects.

h2. Traceability
* Requirement: NFR-043
* Edition: Visibility
* Strategy: SURPASS
* Release gate: Visibility GA
* Parent epic: EPIC-P0-06
",,EPIC-P0-06,"phase-0,visibility,nfr,req-id,must,nfr-043",Highest,NFR-043,0,Simulation of block rule produces zero endpoint enforcement side effects.,NFR
Story,NFR-044: Synthetic test data,"h2. Normative
Development/demo environments shall not require real employee monitoring data.

h2. Acceptance (v1.2)
Given synthetic fixtures for tenant A; when exercising `NFR-044`; then normative behavior is observable via UI/API/events/audit within applicable NFR latency; unauthorized tenant/role/purpose denied with audit; gate `Visibility GA` checks pass. Min: 1 positive + 1 negative automated test linked to this ID.

h2. Traceability
* Requirement: NFR-044
* Edition: Visibility
* Strategy: SURPASS
* Release gate: Visibility GA
* Parent epic: EPIC-P0-06
",,EPIC-P0-06,"phase-0,visibility,nfr,req-id,must,nfr-044",Highest,NFR-044,0,Given synthetic fixtures for tenant A; when exercising `NFR-044`; then normative behavior is observable via UI/API/events/audit within applicable NFR latency; unauthorized tenant/role/purpose denied with audit; gate `Visibility GA` checks pass. Min: 1 positive + 1 negative automated test linked to this ID.,NFR
Story,NFR-045: Supportability,"h2. Normative
Every agent/service error shown to customers shall have stable error code and actionable diagnostic path.

h2. Acceptance (v1.2)
Given synthetic fixtures for tenant A; when exercising `NFR-045`; then normative behavior is observable via UI/API/events/audit within applicable NFR latency; unauthorized tenant/role/purpose denied with audit; gate `Visibility GA` checks pass. Min: 1 positive + 1 negative automated test linked to this ID.

h2. Traceability
* Requirement: NFR-045
* Edition: Visibility
* Strategy: SURPASS
* Release gate: Visibility GA
* Parent epic: EPIC-P0-06
",,EPIC-P0-06,"phase-0,visibility,nfr,req-id,must,nfr-045",Highest,NFR-045,0,Given synthetic fixtures for tenant A; when exercising `NFR-045`; then normative behavior is observable via UI/API/events/audit within applicable NFR latency; unauthorized tenant/role/purpose denied with audit; gate `Visibility GA` checks pass. Min: 1 positive + 1 negative automated test linked to this ID.,NFR
Story,NFR-046: Documentation,"h2. Normative
Every released requirement/capability shall have administrator, API/technical and privacy-impact documentation appropriate to its audience.

h2. Acceptance (v1.2)
Given synthetic fixtures for tenant A; when exercising `NFR-046`; then normative behavior is observable via UI/API/events/audit within applicable NFR latency; unauthorized tenant/role/purpose denied with audit; gate `Visibility GA` checks pass. Min: 1 positive + 1 negative automated test linked to this ID.

h2. Traceability
* Requirement: NFR-046
* Edition: Visibility
* Strategy: SURPASS
* Release gate: Visibility GA
* Parent epic: EPIC-P0-06
",,EPIC-P0-06,"phase-0,visibility,nfr,req-id,must,nfr-046",Highest,NFR-046,0,Given synthetic fixtures for tenant A; when exercising `NFR-046`; then normative behavior is observable via UI/API/events/audit within applicable NFR latency; unauthorized tenant/role/purpose denied with audit; gate `Visibility GA` checks pass. Min: 1 positive + 1 negative automated test linked to this ID.,NFR
Story,AGENT-WIN-001: Provide a Windows agent for supported workstation and server editions with separate capability matrix,"h2. Normative
The platform shall provide a Windows agent for supported workstation and server editions with separate capability matrix.

h2. Acceptance (v1.2)
Given synthetic fixtures for tenant A; when exercising `AGENT-WIN-001`; then normative behavior is observable via UI/API/events/audit within applicable NFR latency; unauthorized tenant/role/purpose denied with audit; gate `Visibility GA` checks pass. Min: 1 positive + 1 negative automated test linked to this ID.

h2. Traceability
* Requirement: AGENT-WIN-001
* Edition: Visibility
* Strategy: ADAPT
* Release gate: Visibility GA
* Parent epic: EPIC-P1-01
",,EPIC-P1-01,"phase-1,visibility,windows,req-id,must,agent-win-001",High,AGENT-WIN-001,1,Given synthetic fixtures for tenant A; when exercising `AGENT-WIN-001`; then normative behavior is observable via UI/API/events/audit within applicable NFR latency; unauthorized tenant/role/purpose denied with audit; gate `Visibility GA` checks pass. Min: 1 positive + 1 negative automated test linked to this ID.,AGENT-WIN
Story,AGENT-WIN-002: Monitor foreground applications/processes and user sessions using supported Windows APIs,"h2. Normative
The platform shall monitor foreground applications/processes and user sessions using supported Windows APIs.

h2. Acceptance (v1.2)
Given synthetic fixtures for tenant A; when exercising `AGENT-WIN-002`; then normative behavior is observable via UI/API/events/audit within applicable NFR latency; unauthorized tenant/role/purpose denied with audit; gate `Visibility GA` checks pass. Min: 1 positive + 1 negative automated test linked to this ID.

h2. Traceability
* Requirement: AGENT-WIN-002
* Edition: Visibility
* Strategy: ADAPT
* Release gate: Visibility GA
* Parent epic: EPIC-P1-01
",,EPIC-P1-01,"phase-1,visibility,windows,req-id,must,agent-win-002",High,AGENT-WIN-002,1,Given synthetic fixtures for tenant A; when exercising `AGENT-WIN-002`; then normative behavior is observable via UI/API/events/audit within applicable NFR latency; unauthorized tenant/role/purpose denied with audit; gate `Visibility GA` checks pass. Min: 1 positive + 1 negative automated test linked to this ID.,AGENT-WIN
Story,AGENT-WIN-003: Capture file-system and removable-storage events using least-privilege supported mechanisms,"h2. Normative
The platform shall capture file-system and removable-storage events using least-privilege supported mechanisms.

h2. Acceptance (v1.2)
Given synthetic fixtures for tenant A; when exercising `AGENT-WIN-003`; then normative behavior is observable via UI/API/events/audit within applicable NFR latency; unauthorized tenant/role/purpose denied with audit; gate `Visibility GA` checks pass. Min: 1 positive + 1 negative automated test linked to this ID.

h2. Traceability
* Requirement: AGENT-WIN-003
* Edition: Visibility
* Strategy: ADAPT
* Release gate: Visibility GA
* Parent epic: EPIC-P1-01
",,EPIC-P1-01,"phase-1,visibility,windows,req-id,must,agent-win-003",High,AGENT-WIN-003,1,Given synthetic fixtures for tenant A; when exercising `AGENT-WIN-003`; then normative behavior is observable via UI/API/events/audit within applicable NFR latency; unauthorized tenant/role/purpose denied with audit; gate `Visibility GA` checks pass. Min: 1 positive + 1 negative automated test linked to this ID.,AGENT-WIN
Story,"AGENT-WIN-004: Capture printing, network-context and browser/application telemetry supported on Windows","h2. Normative
The platform shall capture printing, network-context and browser/application telemetry supported on Windows.

h2. Acceptance (v1.2)
Given synthetic fixtures for tenant A; when exercising `AGENT-WIN-004`; then normative behavior is observable via UI/API/events/audit within applicable NFR latency; unauthorized tenant/role/purpose denied with audit; gate `Visibility GA` checks pass. Min: 1 positive + 1 negative automated test linked to this ID.

h2. Traceability
* Requirement: AGENT-WIN-004
* Edition: Visibility
* Strategy: ADAPT
* Release gate: Visibility GA
* Parent epic: EPIC-P1-01
",,EPIC-P1-01,"phase-1,visibility,windows,req-id,must,agent-win-004",High,AGENT-WIN-004,1,Given synthetic fixtures for tenant A; when exercising `AGENT-WIN-004`; then normative behavior is observable via UI/API/events/audit within applicable NFR latency; unauthorized tenant/role/purpose denied with audit; gate `Visibility GA` checks pass. Min: 1 positive + 1 negative automated test linked to this ID.,AGENT-WIN
Story,"AGENT-WIN-005: Support enterprise deployment via Intune, GPO, SCCM/Configuration Manager and signed MSI/EXE packages","h2. Normative
The platform shall support enterprise deployment via Intune, GPO, SCCM/Configuration Manager and signed MSI/EXE packages.

h2. Acceptance (v1.2)
Given synthetic fixtures for tenant A; when exercising `AGENT-WIN-005`; then normative behavior is observable via UI/API/events/audit within applicable NFR latency; unauthorized tenant/role/purpose denied with audit; gate `Visibility GA` checks pass. Min: 1 positive + 1 negative automated test linked to this ID.

h2. Traceability
* Requirement: AGENT-WIN-005
* Edition: Visibility
* Strategy: ADAPT
* Release gate: Visibility GA
* Parent epic: EPIC-P1-01
",,EPIC-P1-01,"phase-1,visibility,windows,req-id,must,agent-win-005",High,AGENT-WIN-005,1,Given synthetic fixtures for tenant A; when exercising `AGENT-WIN-005`; then normative behavior is observable via UI/API/events/audit within applicable NFR latency; unauthorized tenant/role/purpose denied with audit; gate `Visibility GA` checks pass. Min: 1 positive + 1 negative automated test linked to this ID.,AGENT-WIN
Story,"AGENT-WIN-006: Detect Windows session lock/unlock, logon/logoff and RDP/virtual-session context where supported","h2. Normative
The platform shall detect Windows session lock/unlock, logon/logoff and RDP/virtual-session context where supported.

h2. Acceptance (v1.2)
Given synthetic fixtures for tenant A; when exercising `AGENT-WIN-006`; then normative behavior is observable via UI/API/events/audit within applicable NFR latency; unauthorized tenant/role/purpose denied with audit; gate `Visibility GA` checks pass. Min: 1 positive + 1 negative automated test linked to this ID.

h2. Traceability
* Requirement: AGENT-WIN-006
* Edition: Visibility
* Strategy: ADAPT
* Release gate: Visibility GA
* Parent epic: EPIC-P1-01
",,EPIC-P1-01,"phase-1,visibility,windows,req-id,must,agent-win-006",High,AGENT-WIN-006,1,Given synthetic fixtures for tenant A; when exercising `AGENT-WIN-006`; then normative behavior is observable via UI/API/events/audit within applicable NFR latency; unauthorized tenant/role/purpose denied with audit; gate `Visibility GA` checks pass. Min: 1 positive + 1 negative automated test linked to this ID.,AGENT-WIN
Story,AGENT-WIN-007: Support Windows protected-data/redaction rules for password and sensitive input contexts,"h2. Normative
The platform shall support Windows protected-data/redaction rules for password and sensitive input contexts.

h2. Acceptance (v1.2)
Given synthetic fixtures for tenant A; when exercising `AGENT-WIN-007`; then normative behavior is observable via UI/API/events/audit within applicable NFR latency; unauthorized tenant/role/purpose denied with audit; gate `Visibility GA` checks pass. Min: 1 positive + 1 negative automated test linked to this ID.

h2. Traceability
* Requirement: AGENT-WIN-007
* Edition: Visibility
* Strategy: ADAPT
* Release gate: Visibility GA
* Parent epic: EPIC-P1-01
",,EPIC-P1-01,"phase-1,visibility,windows,req-id,must,agent-win-007",High,AGENT-WIN-007,1,Given synthetic fixtures for tenant A; when exercising `AGENT-WIN-007`; then normative behavior is observable via UI/API/events/audit within applicable NFR latency; unauthorized tenant/role/purpose denied with audit; gate `Visibility GA` checks pass. Min: 1 positive + 1 negative automated test linked to this ID.,AGENT-WIN
Story,AGENT-WIN-008: Support VDI/virtual desktop environments with documented identity/session attribution limits,"h2. Normative
The platform shall support VDI/virtual desktop environments with documented identity/session attribution limits.

h2. Acceptance (v1.2)
Given synthetic fixtures for tenant A; when exercising `AGENT-WIN-008`; then normative behavior is observable via UI/API/events/audit within applicable NFR latency; unauthorized tenant/role/purpose denied with audit; gate `Visibility GA` checks pass. Min: 1 positive + 1 negative automated test linked to this ID.

h2. Traceability
* Requirement: AGENT-WIN-008
* Edition: Visibility
* Strategy: ADAPT
* Release gate: Visibility GA
* Parent epic: EPIC-P1-01
",,EPIC-P1-01,"phase-1,visibility,windows,req-id,must,agent-win-008",High,AGENT-WIN-008,1,Given synthetic fixtures for tenant A; when exercising `AGENT-WIN-008`; then normative behavior is observable via UI/API/events/audit within applicable NFR latency; unauthorized tenant/role/purpose denied with audit; gate `Visibility GA` checks pass. Min: 1 positive + 1 negative automated test linked to this ID.,AGENT-WIN
Story,AGENT-WIN-009: Support offline telemetry and policy enforcement across device reboots,"h2. Normative
The platform shall support offline telemetry and policy enforcement across device reboots.

h2. Acceptance (v1.2)
Given synthetic fixtures for tenant A; when exercising `AGENT-WIN-009`; then normative behavior is observable via UI/API/events/audit within applicable NFR latency; unauthorized tenant/role/purpose denied with audit; gate `Visibility GA` checks pass. Min: 1 positive + 1 negative automated test linked to this ID.

h2. Traceability
* Requirement: AGENT-WIN-009
* Edition: Visibility
* Strategy: ADAPT
* Release gate: Visibility GA
* Parent epic: EPIC-P1-01
",,EPIC-P1-01,"phase-1,visibility,windows,req-id,must,agent-win-009",High,AGENT-WIN-009,1,Given synthetic fixtures for tenant A; when exercising `AGENT-WIN-009`; then normative behavior is observable via UI/API/events/audit within applicable NFR latency; unauthorized tenant/role/purpose denied with audit; gate `Visibility GA` checks pass. Min: 1 positive + 1 negative automated test linked to this ID.,AGENT-WIN
Story,AGENT-WIN-010: Validate compatibility with EDR/AV and publish coexistence diagnostics rather than requesting security-product bypasses,"h2. Normative
The platform shall validate compatibility with EDR/AV and publish coexistence diagnostics rather than requesting security-product bypasses.

h2. Acceptance (v1.2)
Given synthetic fixtures for tenant A; when exercising `AGENT-WIN-010`; then normative behavior is observable via UI/API/events/audit within applicable NFR latency; unauthorized tenant/role/purpose denied with audit; gate `Visibility GA` checks pass. Min: 1 positive + 1 negative automated test linked to this ID.

h2. Traceability
* Requirement: AGENT-WIN-010
* Edition: Visibility
* Strategy: ADAPT
* Release gate: Visibility GA
* Parent epic: EPIC-P1-01
",,EPIC-P1-01,"phase-1,visibility,windows,req-id,must,agent-win-010",High,AGENT-WIN-010,1,Given synthetic fixtures for tenant A; when exercising `AGENT-WIN-010`; then normative behavior is observable via UI/API/events/audit within applicable NFR latency; unauthorized tenant/role/purpose denied with audit; gate `Visibility GA` checks pass. Min: 1 positive + 1 negative automated test linked to this ID.,AGENT-WIN
Story,"UAM-APP-001: Capture application/process identity, executable, publisher/signature where available and normalized application family","h2. Normative
The platform shall capture application/process identity, executable, publisher/signature where available and normalized application family.

h2. Acceptance (v1.2)
Given synthetic fixtures for tenant A; when exercising `UAM-APP-001`; then normative behavior is observable via UI/API/events/audit within applicable NFR latency; unauthorized tenant/role/purpose denied with audit; gate `Visibility GA` checks pass. Min: 1 positive + 1 negative automated test linked to this ID.

h2. Traceability
* Requirement: UAM-APP-001
* Edition: Visibility
* Strategy: ADAPT
* Release gate: Visibility GA
* Parent epic: EPIC-P1-02
",,EPIC-P1-02,"phase-1,visibility,uam,req-id,must,uam-app-001",High,UAM-APP-001,1,Given synthetic fixtures for tenant A; when exercising `UAM-APP-001`; then normative behavior is observable via UI/API/events/audit within applicable NFR latency; unauthorized tenant/role/purpose denied with audit; gate `Visibility GA` checks pass. Min: 1 positive + 1 negative automated test linked to this ID.,UAM-APP
Story,"UAM-APP-002: Capture application/window start, stop, duration and foreground/active duration","h2. Normative
The platform shall capture application/window start, stop, duration and foreground/active duration.

h2. Acceptance (v1.2)
Given synthetic fixtures for tenant A; when exercising `UAM-APP-002`; then normative behavior is observable via UI/API/events/audit within applicable NFR latency; unauthorized tenant/role/purpose denied with audit; gate `Visibility GA` checks pass. Min: 1 positive + 1 negative automated test linked to this ID.

h2. Traceability
* Requirement: UAM-APP-002
* Edition: Visibility
* Strategy: ADAPT
* Release gate: Visibility GA
* Parent epic: EPIC-P1-02
",,EPIC-P1-02,"phase-1,visibility,uam,req-id,must,uam-app-002",High,UAM-APP-002,1,Given synthetic fixtures for tenant A; when exercising `UAM-APP-002`; then normative behavior is observable via UI/API/events/audit within applicable NFR latency; unauthorized tenant/role/purpose denied with audit; gate `Visibility GA` checks pass. Min: 1 positive + 1 negative automated test linked to this ID.,UAM-APP
Story,UAM-APP-003: Capture window title/caption subject to privacy policy and redaction,"h2. Normative
The platform shall capture window title/caption subject to privacy policy and redaction.

h2. Acceptance (v1.2)
Given synthetic fixtures for tenant A; when exercising `UAM-APP-003`; then normative behavior is observable via UI/API/events/audit within applicable NFR latency; unauthorized tenant/role/purpose denied with audit; gate `Visibility GA` checks pass. Min: 1 positive + 1 negative automated test linked to this ID.

h2. Traceability
* Requirement: UAM-APP-003
* Edition: Visibility
* Strategy: ADAPT
* Release gate: Visibility GA
* Parent epic: EPIC-P1-02
",,EPIC-P1-02,"phase-1,visibility,uam,req-id,must,uam-app-003",High,UAM-APP-003,1,Given synthetic fixtures for tenant A; when exercising `UAM-APP-003`; then normative behavior is observable via UI/API/events/audit within applicable NFR latency; unauthorized tenant/role/purpose denied with audit; gate `Visibility GA` checks pass. Min: 1 positive + 1 negative automated test linked to this ID.,UAM-APP
Story,"UAM-APP-004: Associate application activity with user, device, session, department, work schedule and policy context","h2. Normative
The platform shall associate application activity with user, device, session, department, work schedule and policy context.

h2. Acceptance (v1.2)
Given synthetic fixtures for tenant A; when exercising `UAM-APP-004`; then normative behavior is observable via UI/API/events/audit within applicable NFR latency; unauthorized tenant/role/purpose denied with audit; gate `Visibility GA` checks pass. Min: 1 positive + 1 negative automated test linked to this ID.

h2. Traceability
* Requirement: UAM-APP-004
* Edition: Visibility
* Strategy: ADAPT
* Release gate: Visibility GA
* Parent epic: EPIC-P1-02
",,EPIC-P1-02,"phase-1,visibility,uam,req-id,must,uam-app-004",High,UAM-APP-004,1,Given synthetic fixtures for tenant A; when exercising `UAM-APP-004`; then normative behavior is observable via UI/API/events/audit within applicable NFR latency; unauthorized tenant/role/purpose denied with audit; gate `Visibility GA` checks pass. Min: 1 positive + 1 negative automated test linked to this ID.,UAM-APP
Story,"UAM-APP-005: Classify applications as productive, neutral, unproductive, restricted or uncategorized","h2. Normative
The platform shall classify applications as productive, neutral, unproductive, restricted or uncategorized.

h2. Acceptance (v1.2)
Given synthetic fixtures for tenant A; when exercising `UAM-APP-005`; then normative behavior is observable via UI/API/events/audit within applicable NFR latency; unauthorized tenant/role/purpose denied with audit; gate `Visibility GA` checks pass. Min: 1 positive + 1 negative automated test linked to this ID.

h2. Traceability
* Requirement: UAM-APP-005
* Edition: Visibility
* Strategy: ADAPT
* Release gate: Visibility GA
* Parent epic: EPIC-P1-02
",,EPIC-P1-02,"phase-1,visibility,uam,req-id,must,uam-app-005",High,UAM-APP-005,1,Given synthetic fixtures for tenant A; when exercising `UAM-APP-005`; then normative behavior is observable via UI/API/events/audit within applicable NFR latency; unauthorized tenant/role/purpose denied with audit; gate `Visibility GA` checks pass. Min: 1 positive + 1 negative automated test linked to this ID.,UAM-APP
Story,"UAM-APP-006: Allow classification overrides by team, role, project, schedule and business unit","h2. Normative
The platform shall allow classification overrides by team, role, project, schedule and business unit.

h2. Acceptance (v1.2)
Given synthetic fixtures for tenant A; when exercising `UAM-APP-006`; then normative behavior is observable via UI/API/events/audit within applicable NFR latency; unauthorized tenant/role/purpose denied with audit; gate `Visibility GA` checks pass. Min: 1 positive + 1 negative automated test linked to this ID.

h2. Traceability
* Requirement: UAM-APP-006
* Edition: Visibility
* Strategy: ADAPT
* Release gate: Visibility GA
* Parent epic: EPIC-P1-02
",,EPIC-P1-02,"phase-1,visibility,uam,req-id,must,uam-app-006",High,UAM-APP-006,1,Given synthetic fixtures for tenant A; when exercising `UAM-APP-006`; then normative behavior is observable via UI/API/events/audit within applicable NFR latency; unauthorized tenant/role/purpose denied with audit; gate `Visibility GA` checks pass. Min: 1 positive + 1 negative automated test linked to this ID.,UAM-APP
Story,UAM-APP-007: Maintain application catalog aliases so renamed/versioned executables map to the same product,"h2. Normative
The platform shall maintain application catalog aliases so renamed/versioned executables map to the same product.

h2. Acceptance (v1.2)
Given synthetic fixtures for tenant A; when exercising `UAM-APP-007`; then normative behavior is observable via UI/API/events/audit within applicable NFR latency; unauthorized tenant/role/purpose denied with audit; gate `Visibility GA` checks pass. Min: 1 positive + 1 negative automated test linked to this ID.

h2. Traceability
* Requirement: UAM-APP-007
* Edition: Visibility
* Strategy: ADAPT
* Release gate: Visibility GA
* Parent epic: EPIC-P1-02
",,EPIC-P1-02,"phase-1,visibility,uam,req-id,must,uam-app-007",High,UAM-APP-007,1,Given synthetic fixtures for tenant A; when exercising `UAM-APP-007`; then normative behavior is observable via UI/API/events/audit within applicable NFR latency; unauthorized tenant/role/purpose denied with audit; gate `Visibility GA` checks pass. Min: 1 positive + 1 negative automated test linked to this ID.,UAM-APP
Story,UAM-APP-008: Detect newly observed applications and support review/approval workflows,"h2. Normative
The platform shall detect newly observed applications and support review/approval workflows.

h2. Acceptance (v1.2)
Given synthetic fixtures for tenant A; when exercising `UAM-APP-008`; then normative behavior is observable via UI/API/events/audit within applicable NFR latency; unauthorized tenant/role/purpose denied with audit; gate `Visibility GA` checks pass. Min: 1 positive + 1 negative automated test linked to this ID.

h2. Traceability
* Requirement: UAM-APP-008
* Edition: Visibility
* Strategy: ADAPT
* Release gate: Visibility GA
* Parent epic: EPIC-P1-02
",,EPIC-P1-02,"phase-1,visibility,uam,req-id,must,uam-app-008",High,UAM-APP-008,1,Given synthetic fixtures for tenant A; when exercising `UAM-APP-008`; then normative behavior is observable via UI/API/events/audit within applicable NFR latency; unauthorized tenant/role/purpose denied with audit; gate `Visibility GA` checks pass. Min: 1 positive + 1 negative automated test linked to this ID.,UAM-APP
Story,"UAM-APP-009: Detect unsigned, high-risk or prohibited applications using configured intelligence sources","h2. Normative
The platform shall detect unsigned, high-risk or prohibited applications using configured intelligence sources.

h2. Acceptance (v1.2)
Given synthetic fixtures for tenant A; when exercising `UAM-APP-009`; then normative behavior is observable via UI/API/events/audit within applicable NFR latency; unauthorized tenant/role/purpose denied with audit; gate `Visibility GA` checks pass. Min: 1 positive + 1 negative automated test linked to this ID.

h2. Traceability
* Requirement: UAM-APP-009
* Edition: Visibility
* Strategy: ADAPT
* Release gate: Visibility GA
* Parent epic: EPIC-P1-02
",,EPIC-P1-02,"phase-1,visibility,uam,req-id,must,uam-app-009",High,UAM-APP-009,1,Given synthetic fixtures for tenant A; when exercising `UAM-APP-009`; then normative behavior is observable via UI/API/events/audit within applicable NFR latency; unauthorized tenant/role/purpose denied with audit; gate `Visibility GA` checks pass. Min: 1 positive + 1 negative automated test linked to this ID.,UAM-APP
Story,"UAM-APP-010: Support application-based allow, warn, block or terminate policies where technically and legally appropriate","h2. Normative
The platform shall support application-based allow, warn, block or terminate policies where technically and legally appropriate.

h2. Acceptance (v1.2)
Given synthetic fixtures for tenant A; when exercising `UAM-APP-010`; then normative behavior is observable via UI/API/events/audit within applicable NFR latency; unauthorized tenant/role/purpose denied with audit; gate `Visibility GA` checks pass. Min: 1 positive + 1 negative automated test linked to this ID.

h2. Traceability
* Requirement: UAM-APP-010
* Edition: Visibility
* Strategy: ADAPT
* Release gate: Visibility GA
* Parent epic: EPIC-P1-02
",,EPIC-P1-02,"phase-1,visibility,uam,req-id,must,uam-app-010",High,UAM-APP-010,1,Given synthetic fixtures for tenant A; when exercising `UAM-APP-010`; then normative behavior is observable via UI/API/events/audit within applicable NFR latency; unauthorized tenant/role/purpose denied with audit; gate `Visibility GA` checks pass. Min: 1 positive + 1 negative automated test linked to this ID.,UAM-APP
Story,"UAM-APP-011: Calculate application usage totals, active time, frequency and trend by user/team/device","h2. Normative
The platform shall calculate application usage totals, active time, frequency and trend by user/team/device.

h2. Acceptance (v1.2)
Given synthetic fixtures for tenant A; when exercising `UAM-APP-011`; then normative behavior is observable via UI/API/events/audit within applicable NFR latency; unauthorized tenant/role/purpose denied with audit; gate `Visibility GA` checks pass. Min: 1 positive + 1 negative automated test linked to this ID.

h2. Traceability
* Requirement: UAM-APP-011
* Edition: Visibility
* Strategy: ADAPT
* Release gate: Visibility GA
* Parent epic: EPIC-P1-02
",,EPIC-P1-02,"phase-1,visibility,uam,req-id,must,uam-app-011",High,UAM-APP-011,1,Given synthetic fixtures for tenant A; when exercising `UAM-APP-011`; then normative behavior is observable via UI/API/events/audit within applicable NFR latency; unauthorized tenant/role/purpose denied with audit; gate `Visibility GA` checks pass. Min: 1 positive + 1 negative automated test linked to this ID.,UAM-APP
Story,UAM-APP-012: Detect abnormal application usage compared with user and peer baselines,"h2. Normative
The platform shall detect abnormal application usage compared with user and peer baselines.

h2. Acceptance (v1.2)
Given synthetic fixtures for tenant A; when exercising `UAM-APP-012`; then normative behavior is observable via UI/API/events/audit within applicable NFR latency; unauthorized tenant/role/purpose denied with audit; gate `Visibility GA` checks pass. Min: 1 positive + 1 negative automated test linked to this ID.

h2. Traceability
* Requirement: UAM-APP-012
* Edition: Visibility
* Strategy: ADAPT
* Release gate: Visibility GA
* Parent epic: EPIC-P1-02
",,EPIC-P1-02,"phase-1,visibility,uam,req-id,must,uam-app-012",High,UAM-APP-012,1,Given synthetic fixtures for tenant A; when exercising `UAM-APP-012`; then normative behavior is observable via UI/API/events/audit within applicable NFR latency; unauthorized tenant/role/purpose denied with audit; gate `Visibility GA` checks pass. Min: 1 positive + 1 negative automated test linked to this ID.,UAM-APP
Story,"UAM-APP-013: Support application tag taxonomy such as development, finance, communication, AI, storage, job-search and entertainment","h2. Normative
The platform shall support application tag taxonomy such as development, finance, communication, AI, storage, job-search and entertainment.

h2. Acceptance (v1.2)
Given synthetic fixtures for tenant A; when exercising `UAM-APP-013`; then normative behavior is observable via UI/API/events/audit within applicable NFR latency; unauthorized tenant/role/purpose denied with audit; gate `Visibility GA` checks pass. Min: 1 positive + 1 negative automated test linked to this ID.

h2. Traceability
* Requirement: UAM-APP-013
* Edition: Visibility
* Strategy: ADAPT
* Release gate: Visibility GA
* Parent epic: EPIC-P1-02
",,EPIC-P1-02,"phase-1,visibility,uam,req-id,must,uam-app-013",High,UAM-APP-013,1,Given synthetic fixtures for tenant A; when exercising `UAM-APP-013`; then normative behavior is observable via UI/API/events/audit within applicable NFR latency; unauthorized tenant/role/purpose denied with audit; gate `Visibility GA` checks pass. Min: 1 positive + 1 negative automated test linked to this ID.,UAM-APP
Story,UAM-APP-014: Identify public GenAI/LLM applications and browser experiences as a distinct catalog class,"h2. Normative
The platform shall identify public GenAI/LLM applications and browser experiences as a distinct catalog class.

h2. Acceptance (v1.2)
Given synthetic fixtures for tenant A; when exercising `UAM-APP-014`; then normative behavior is observable via UI/API/events/audit within applicable NFR latency; unauthorized tenant/role/purpose denied with audit; gate `Visibility GA` checks pass. Min: 1 positive + 1 negative automated test linked to this ID.

h2. Traceability
* Requirement: UAM-APP-014
* Edition: Visibility
* Strategy: ADAPT
* Release gate: Visibility GA
* Parent epic: EPIC-P1-02
",,EPIC-P1-02,"phase-1,visibility,uam,req-id,must,uam-app-014",High,UAM-APP-014,1,Given synthetic fixtures for tenant A; when exercising `UAM-APP-014`; then normative behavior is observable via UI/API/events/audit within applicable NFR latency; unauthorized tenant/role/purpose denied with audit; gate `Visibility GA` checks pass. Min: 1 positive + 1 negative automated test linked to this ID.,UAM-APP
Story,"UAM-APP-015: Expose application activity in dashboards, search, reports, risk timeline and investigation evidence","h2. Normative
The platform shall expose application activity in dashboards, search, reports, risk timeline and investigation evidence.

h2. Acceptance (v1.2)
Given synthetic fixtures for tenant A; when exercising `UAM-APP-015`; then normative behavior is observable via UI/API/events/audit within applicable NFR latency; unauthorized tenant/role/purpose denied with audit; gate `Visibility GA` checks pass. Min: 1 positive + 1 negative automated test linked to this ID.

h2. Traceability
* Requirement: UAM-APP-015
* Edition: Visibility
* Strategy: ADAPT
* Release gate: Visibility GA
* Parent epic: EPIC-P1-02
",,EPIC-P1-02,"phase-1,visibility,uam,req-id,must,uam-app-015",High,UAM-APP-015,1,Given synthetic fixtures for tenant A; when exercising `UAM-APP-015`; then normative behavior is observable via UI/API/events/audit within applicable NFR latency; unauthorized tenant/role/purpose denied with audit; gate `Visibility GA` checks pass. Min: 1 positive + 1 negative automated test linked to this ID.,UAM-APP
Story,UAM-APP-016: Allow applications to be excluded from recording while still optionally contributing aggregate time metrics,"h2. Normative
The platform shall allow applications to be excluded from recording while still optionally contributing aggregate time metrics.

h2. Acceptance (v1.2)
Given synthetic fixtures for tenant A; when exercising `UAM-APP-016`; then normative behavior is observable via UI/API/events/audit within applicable NFR latency; unauthorized tenant/role/purpose denied with audit; gate `Visibility GA` checks pass. Min: 1 positive + 1 negative automated test linked to this ID.

h2. Traceability
* Requirement: UAM-APP-016
* Edition: Visibility
* Strategy: ADAPT
* Release gate: Visibility GA
* Parent epic: EPIC-P1-02
",,EPIC-P1-02,"phase-1,visibility,uam,req-id,must,uam-app-016",High,UAM-APP-016,1,Given synthetic fixtures for tenant A; when exercising `UAM-APP-016`; then normative behavior is observable via UI/API/events/audit within applicable NFR latency; unauthorized tenant/role/purpose denied with audit; gate `Visibility GA` checks pass. Min: 1 positive + 1 negative automated test linked to this ID.,UAM-APP
Story,UAM-APP-017: Deduplicate overlapping process/window telemetry into human-meaningful usage sessions,"h2. Normative
The platform shall deduplicate overlapping process/window telemetry into human-meaningful usage sessions.

h2. Acceptance (v1.2)
Given synthetic fixtures for tenant A; when exercising `UAM-APP-017`; then normative behavior is observable via UI/API/events/audit within applicable NFR latency; unauthorized tenant/role/purpose denied with audit; gate `Visibility GA` checks pass. Min: 1 positive + 1 negative automated test linked to this ID.

h2. Traceability
* Requirement: UAM-APP-017
* Edition: Visibility
* Strategy: ADAPT
* Release gate: Visibility GA
* Parent epic: EPIC-P1-02
",,EPIC-P1-02,"phase-1,visibility,uam,req-id,must,uam-app-017",High,UAM-APP-017,1,Given synthetic fixtures for tenant A; when exercising `UAM-APP-017`; then normative behavior is observable via UI/API/events/audit within applicable NFR latency; unauthorized tenant/role/purpose denied with audit; gate `Visibility GA` checks pass. Min: 1 positive + 1 negative automated test linked to this ID.,UAM-APP
Story,UAM-APP-018: Expose application collector quality/coverage and unsupported edge cases in data-quality views,"h2. Normative
The platform shall expose application collector quality/coverage and unsupported edge cases in data-quality views.

h2. Acceptance (v1.2)
Given synthetic fixtures for tenant A; when exercising `UAM-APP-018`; then normative behavior is observable via UI/API/events/audit within applicable NFR latency; unauthorized tenant/role/purpose denied with audit; gate `Visibility GA` checks pass. Min: 1 positive + 1 negative automated test linked to this ID.

h2. Traceability
* Requirement: UAM-APP-018
* Edition: Visibility
* Strategy: ADAPT
* Release gate: Visibility GA
* Parent epic: EPIC-P1-02
",,EPIC-P1-02,"phase-1,visibility,uam,req-id,must,uam-app-018",High,UAM-APP-018,1,Given synthetic fixtures for tenant A; when exercising `UAM-APP-018`; then normative behavior is observable via UI/API/events/audit within applicable NFR latency; unauthorized tenant/role/purpose denied with audit; gate `Visibility GA` checks pass. Min: 1 positive + 1 negative automated test linked to this ID.,UAM-APP
Story,"UAM-WEB-001: Capture visited URL, normalized domain/host, page title, browser and timestamps subject to recording policy","h2. Normative
The platform shall capture visited URL, normalized domain/host, page title, browser and timestamps subject to recording policy.

h2. Acceptance (v1.2)
Given synthetic fixtures for tenant A; when exercising `UAM-WEB-001`; then normative behavior is observable via UI/API/events/audit within applicable NFR latency; unauthorized tenant/role/purpose denied with audit; gate `Visibility GA` checks pass. Min: 1 positive + 1 negative automated test linked to this ID.

h2. Traceability
* Requirement: UAM-WEB-001
* Edition: Visibility
* Strategy: ADAPT
* Release gate: Visibility GA
* Parent epic: EPIC-P1-03
",,EPIC-P1-03,"phase-1,visibility,uam,req-id,must,uam-web-001",High,UAM-WEB-001,1,Given synthetic fixtures for tenant A; when exercising `UAM-WEB-001`; then normative behavior is observable via UI/API/events/audit within applicable NFR latency; unauthorized tenant/role/purpose denied with audit; gate `Visibility GA` checks pass. Min: 1 positive + 1 negative automated test linked to this ID.,UAM-WEB
Story,UAM-WEB-002: Calculate website/session duration and foreground active duration,"h2. Normative
The platform shall calculate website/session duration and foreground active duration.

h2. Acceptance (v1.2)
Given synthetic fixtures for tenant A; when exercising `UAM-WEB-002`; then normative behavior is observable via UI/API/events/audit within applicable NFR latency; unauthorized tenant/role/purpose denied with audit; gate `Visibility GA` checks pass. Min: 1 positive + 1 negative automated test linked to this ID.

h2. Traceability
* Requirement: UAM-WEB-002
* Edition: Visibility
* Strategy: ADAPT
* Release gate: Visibility GA
* Parent epic: EPIC-P1-03
",,EPIC-P1-03,"phase-1,visibility,uam,req-id,must,uam-web-002",High,UAM-WEB-002,1,Given synthetic fixtures for tenant A; when exercising `UAM-WEB-002`; then normative behavior is observable via UI/API/events/audit within applicable NFR latency; unauthorized tenant/role/purpose denied with audit; gate `Visibility GA` checks pass. Min: 1 positive + 1 negative automated test linked to this ID.,UAM-WEB
Story,UAM-WEB-003: Categorize websites by business/productivity/risk taxonomy,"h2. Normative
The platform shall categorize websites by business/productivity/risk taxonomy.

h2. Acceptance (v1.2)
Given synthetic fixtures for tenant A; when exercising `UAM-WEB-003`; then normative behavior is observable via UI/API/events/audit within applicable NFR latency; unauthorized tenant/role/purpose denied with audit; gate `Visibility GA` checks pass. Min: 1 positive + 1 negative automated test linked to this ID.

h2. Traceability
* Requirement: UAM-WEB-003
* Edition: Visibility
* Strategy: ADAPT
* Release gate: Visibility GA
* Parent epic: EPIC-P1-03
",,EPIC-P1-03,"phase-1,visibility,uam,req-id,must,uam-web-003",High,UAM-WEB-003,1,Given synthetic fixtures for tenant A; when exercising `UAM-WEB-003`; then normative behavior is observable via UI/API/events/audit within applicable NFR latency; unauthorized tenant/role/purpose denied with audit; gate `Visibility GA` checks pass. Min: 1 positive + 1 negative automated test linked to this ID.,UAM-WEB
Story,UAM-WEB-004: Allow website-category and individual-domain productivity overrides by team or role,"h2. Normative
The platform shall allow website-category and individual-domain productivity overrides by team or role.

h2. Acceptance (v1.2)
Given synthetic fixtures for tenant A; when exercising `UAM-WEB-004`; then normative behavior is observable via UI/API/events/audit within applicable NFR latency; unauthorized tenant/role/purpose denied with audit; gate `Visibility GA` checks pass. Min: 1 positive + 1 negative automated test linked to this ID.

h2. Traceability
* Requirement: UAM-WEB-004
* Edition: Visibility
* Strategy: ADAPT
* Release gate: Visibility GA
* Parent epic: EPIC-P1-03
",,EPIC-P1-03,"phase-1,visibility,uam,req-id,must,uam-web-004",High,UAM-WEB-004,1,Given synthetic fixtures for tenant A; when exercising `UAM-WEB-004`; then normative behavior is observable via UI/API/events/audit within applicable NFR latency; unauthorized tenant/role/purpose denied with audit; gate `Visibility GA` checks pass. Min: 1 positive + 1 negative automated test linked to this ID.,UAM-WEB
Story,"UAM-WEB-005: Allow website allow, warn and block policies with user-facing reason text","h2. Normative
The platform shall allow website allow, warn and block policies with user-facing reason text.

h2. Acceptance (v1.2)
Given synthetic fixtures for tenant A; when exercising `UAM-WEB-005`; then normative behavior is observable via UI/API/events/audit within applicable NFR latency; unauthorized tenant/role/purpose denied with audit; gate `Visibility GA` checks pass. Min: 1 positive + 1 negative automated test linked to this ID.

h2. Traceability
* Requirement: UAM-WEB-005
* Edition: Visibility
* Strategy: ADAPT
* Release gate: Visibility GA
* Parent epic: EPIC-P1-03
",,EPIC-P1-03,"phase-1,visibility,uam,req-id,must,uam-web-005",High,UAM-WEB-005,1,Given synthetic fixtures for tenant A; when exercising `UAM-WEB-005`; then normative behavior is observable via UI/API/events/audit within applicable NFR latency; unauthorized tenant/role/purpose denied with audit; gate `Visibility GA` checks pass. Min: 1 positive + 1 negative automated test linked to this ID.,UAM-WEB
Story,"UAM-WEB-006: Support Do Not Record rules for banking, healthcare, personal webmail and other privacy-sensitive domains","h2. Normative
The platform shall support Do Not Record rules for banking, healthcare, personal webmail and other privacy-sensitive domains.

h2. Acceptance (v1.2)
Given synthetic fixtures for tenant A; when exercising `UAM-WEB-006`; then normative behavior is observable via UI/API/events/audit within applicable NFR latency; unauthorized tenant/role/purpose denied with audit; gate `Visibility GA` checks pass. Min: 1 positive + 1 negative automated test linked to this ID.

h2. Traceability
* Requirement: UAM-WEB-006
* Edition: Visibility
* Strategy: ADAPT
* Release gate: Visibility GA
* Parent epic: EPIC-P1-03
",,EPIC-P1-03,"phase-1,visibility,uam,req-id,must,uam-web-006",High,UAM-WEB-006,1,Given synthetic fixtures for tenant A; when exercising `UAM-WEB-006`; then normative behavior is observable via UI/API/events/audit within applicable NFR latency; unauthorized tenant/role/purpose denied with audit; gate `Visibility GA` checks pass. Min: 1 positive + 1 negative automated test linked to this ID.,UAM-WEB
Story,UAM-WEB-007: Redact URL query parameters and page titles using configurable sensitive patterns,"h2. Normative
The platform shall redact URL query parameters and page titles using configurable sensitive patterns.

h2. Acceptance (v1.2)
Given synthetic fixtures for tenant A; when exercising `UAM-WEB-007`; then normative behavior is observable via UI/API/events/audit within applicable NFR latency; unauthorized tenant/role/purpose denied with audit; gate `Visibility GA` checks pass. Min: 1 positive + 1 negative automated test linked to this ID.

h2. Traceability
* Requirement: UAM-WEB-007
* Edition: Visibility
* Strategy: ADAPT
* Release gate: Visibility GA
* Parent epic: EPIC-P1-03
",,EPIC-P1-03,"phase-1,visibility,uam,req-id,must,uam-web-007",High,UAM-WEB-007,1,Given synthetic fixtures for tenant A; when exercising `UAM-WEB-007`; then normative behavior is observable via UI/API/events/audit within applicable NFR latency; unauthorized tenant/role/purpose denied with audit; gate `Visibility GA` checks pass. Min: 1 positive + 1 negative automated test linked to this ID.,UAM-WEB
Story,UAM-WEB-008: Capture supported search-engine query terms only when enabled and permitted,"h2. Normative
The platform shall capture supported search-engine query terms only when enabled and permitted.

h2. Acceptance (v1.2)
Given synthetic fixtures for tenant A; when exercising `UAM-WEB-008`; then normative behavior is observable via UI/API/events/audit within applicable NFR latency; unauthorized tenant/role/purpose denied with audit; gate `Visibility GA` checks pass. Min: 1 positive + 1 negative automated test linked to this ID.

h2. Traceability
* Requirement: UAM-WEB-008
* Edition: Visibility
* Strategy: ADAPT
* Release gate: Visibility GA
* Parent epic: EPIC-P1-03
",,EPIC-P1-03,"phase-1,visibility,uam,req-id,must,uam-web-008",High,UAM-WEB-008,1,Given synthetic fixtures for tenant A; when exercising `UAM-WEB-008`; then normative behavior is observable via UI/API/events/audit within applicable NFR latency; unauthorized tenant/role/purpose denied with audit; gate `Visibility GA` checks pass. Min: 1 positive + 1 negative automated test linked to this ID.,UAM-WEB
Story,"UAM-WEB-009: Classify file-storage, webmail, social, collaboration, job-search and GenAI websites separately","h2. Normative
The platform shall classify file-storage, webmail, social, collaboration, job-search and GenAI websites separately.

h2. Acceptance (v1.2)
Given synthetic fixtures for tenant A; when exercising `UAM-WEB-009`; then normative behavior is observable via UI/API/events/audit within applicable NFR latency; unauthorized tenant/role/purpose denied with audit; gate `Visibility GA` checks pass. Min: 1 positive + 1 negative automated test linked to this ID.

h2. Traceability
* Requirement: UAM-WEB-009
* Edition: Visibility
* Strategy: ADAPT
* Release gate: Visibility GA
* Parent epic: EPIC-P1-03
",,EPIC-P1-03,"phase-1,visibility,uam,req-id,must,uam-web-009",High,UAM-WEB-009,1,Given synthetic fixtures for tenant A; when exercising `UAM-WEB-009`; then normative behavior is observable via UI/API/events/audit within applicable NFR latency; unauthorized tenant/role/purpose denied with audit; gate `Visibility GA` checks pass. Min: 1 positive + 1 negative automated test linked to this ID.,UAM-WEB
Story,"UAM-WEB-010: Detect first-seen domains, high-risk domains and anomalous domain usage","h2. Normative
The platform shall detect first-seen domains, high-risk domains and anomalous domain usage.

h2. Acceptance (v1.2)
Given synthetic fixtures for tenant A; when exercising `UAM-WEB-010`; then normative behavior is observable via UI/API/events/audit within applicable NFR latency; unauthorized tenant/role/purpose denied with audit; gate `Visibility GA` checks pass. Min: 1 positive + 1 negative automated test linked to this ID.

h2. Traceability
* Requirement: UAM-WEB-010
* Edition: Visibility
* Strategy: ADAPT
* Release gate: Visibility GA
* Parent epic: EPIC-P1-03
",,EPIC-P1-03,"phase-1,visibility,uam,req-id,must,uam-web-010",High,UAM-WEB-010,1,Given synthetic fixtures for tenant A; when exercising `UAM-WEB-010`; then normative behavior is observable via UI/API/events/audit within applicable NFR latency; unauthorized tenant/role/purpose denied with audit; gate `Visibility GA` checks pass. Min: 1 positive + 1 negative automated test linked to this ID.,UAM-WEB
Story,UAM-WEB-011: Detect unusually high duration/frequency and unusual out-of-hours website activity,"h2. Normative
The platform shall detect unusually high duration/frequency and unusual out-of-hours website activity.

h2. Acceptance (v1.2)
Given synthetic fixtures for tenant A; when exercising `UAM-WEB-011`; then normative behavior is observable via UI/API/events/audit within applicable NFR latency; unauthorized tenant/role/purpose denied with audit; gate `Visibility GA` checks pass. Min: 1 positive + 1 negative automated test linked to this ID.

h2. Traceability
* Requirement: UAM-WEB-011
* Edition: Visibility
* Strategy: ADAPT
* Release gate: Visibility GA
* Parent epic: EPIC-P1-03
",,EPIC-P1-03,"phase-1,visibility,uam,req-id,must,uam-web-011",High,UAM-WEB-011,1,Given synthetic fixtures for tenant A; when exercising `UAM-WEB-011`; then normative behavior is observable via UI/API/events/audit within applicable NFR latency; unauthorized tenant/role/purpose denied with audit; gate `Visibility GA` checks pass. Min: 1 positive + 1 negative automated test linked to this ID.,UAM-WEB
Story,UAM-WEB-012: Support keyword/domain/URL-based alert conditions,"h2. Normative
The platform shall support keyword/domain/URL-based alert conditions.

h2. Acceptance (v1.2)
Given synthetic fixtures for tenant A; when exercising `UAM-WEB-012`; then normative behavior is observable via UI/API/events/audit within applicable NFR latency; unauthorized tenant/role/purpose denied with audit; gate `Visibility GA` checks pass. Min: 1 positive + 1 negative automated test linked to this ID.

h2. Traceability
* Requirement: UAM-WEB-012
* Edition: Visibility
* Strategy: ADAPT
* Release gate: Visibility GA
* Parent epic: EPIC-P1-03
",,EPIC-P1-03,"phase-1,visibility,uam,req-id,must,uam-web-012",High,UAM-WEB-012,1,Given synthetic fixtures for tenant A; when exercising `UAM-WEB-012`; then normative behavior is observable via UI/API/events/audit within applicable NFR latency; unauthorized tenant/role/purpose denied with audit; gate `Visibility GA` checks pass. Min: 1 positive + 1 negative automated test linked to this ID.,UAM-WEB
Story,UAM-WEB-013: Support browser tab/window attribution where technically reliable,"h2. Normative
The platform shall support browser tab/window attribution where technically reliable.

h2. Acceptance (v1.2)
Given synthetic fixtures for tenant A; when exercising `UAM-WEB-013`; then normative behavior is observable via UI/API/events/audit within applicable NFR latency; unauthorized tenant/role/purpose denied with audit; gate `Visibility GA` checks pass. Min: 1 positive + 1 negative automated test linked to this ID.

h2. Traceability
* Requirement: UAM-WEB-013
* Edition: Visibility
* Strategy: ADAPT
* Release gate: Visibility GA
* Parent epic: EPIC-P1-03
",,EPIC-P1-03,"phase-1,visibility,uam,req-id,must,uam-web-013",High,UAM-WEB-013,1,Given synthetic fixtures for tenant A; when exercising `UAM-WEB-013`; then normative behavior is observable via UI/API/events/audit within applicable NFR latency; unauthorized tenant/role/purpose denied with audit; gate `Visibility GA` checks pass. Min: 1 positive + 1 negative automated test linked to this ID.,UAM-WEB
Story,"UAM-WEB-014: Expose web activity in global search, user timeline and investigation context","h2. Normative
The platform shall expose web activity in global search, user timeline and investigation context.

h2. Acceptance (v1.2)
Given synthetic fixtures for tenant A; when exercising `UAM-WEB-014`; then normative behavior is observable via UI/API/events/audit within applicable NFR latency; unauthorized tenant/role/purpose denied with audit; gate `Visibility GA` checks pass. Min: 1 positive + 1 negative automated test linked to this ID.

h2. Traceability
* Requirement: UAM-WEB-014
* Edition: Visibility
* Strategy: ADAPT
* Release gate: Visibility GA
* Parent epic: EPIC-P1-03
",,EPIC-P1-03,"phase-1,visibility,uam,req-id,must,uam-web-014",High,UAM-WEB-014,1,Given synthetic fixtures for tenant A; when exercising `UAM-WEB-014`; then normative behavior is observable via UI/API/events/audit within applicable NFR latency; unauthorized tenant/role/purpose denied with audit; gate `Visibility GA` checks pass. Min: 1 positive + 1 negative automated test linked to this ID.,UAM-WEB
Story,UAM-WEB-015: Support expanded URL/subdomain detail only for roles/policies authorized to see it,"h2. Normative
The platform shall support expanded URL/subdomain detail only for roles/policies authorized to see it.

h2. Acceptance (v1.2)
Given synthetic fixtures for tenant A; when exercising `UAM-WEB-015`; then normative behavior is observable via UI/API/events/audit within applicable NFR latency; unauthorized tenant/role/purpose denied with audit; gate `Visibility GA` checks pass. Min: 1 positive + 1 negative automated test linked to this ID.

h2. Traceability
* Requirement: UAM-WEB-015
* Edition: Visibility
* Strategy: ADAPT
* Release gate: Visibility GA
* Parent epic: EPIC-P1-03
",,EPIC-P1-03,"phase-1,visibility,uam,req-id,must,uam-web-015",High,UAM-WEB-015,1,Given synthetic fixtures for tenant A; when exercising `UAM-WEB-015`; then normative behavior is observable via UI/API/events/audit within applicable NFR latency; unauthorized tenant/role/purpose denied with audit; gate `Visibility GA` checks pass. Min: 1 positive + 1 negative automated test linked to this ID.,UAM-WEB
Story,UAM-WEB-016: Allow aggregated domain analytics without retaining full URLs when privacy mode requires minimization,"h2. Normative
The platform shall allow aggregated domain analytics without retaining full URLs when privacy mode requires minimization.

h2. Acceptance (v1.2)
Given synthetic fixtures for tenant A; when exercising `UAM-WEB-016`; then normative behavior is observable via UI/API/events/audit within applicable NFR latency; unauthorized tenant/role/purpose denied with audit; gate `Visibility GA` checks pass. Min: 1 positive + 1 negative automated test linked to this ID.

h2. Traceability
* Requirement: UAM-WEB-016
* Edition: Visibility
* Strategy: ADAPT
* Release gate: Visibility GA
* Parent epic: EPIC-P1-03
",,EPIC-P1-03,"phase-1,visibility,uam,req-id,must,uam-web-016",High,UAM-WEB-016,1,Given synthetic fixtures for tenant A; when exercising `UAM-WEB-016`; then normative behavior is observable via UI/API/events/audit within applicable NFR latency; unauthorized tenant/role/purpose denied with audit; gate `Visibility GA` checks pass. Min: 1 positive + 1 negative automated test linked to this ID.,UAM-WEB
Story,UAM-WEB-017: Provide domain reputation enrichment through pluggable threat-intelligence providers,"h2. Normative
The platform shall provide domain reputation enrichment through pluggable threat-intelligence providers.

h2. Acceptance (v1.2)
Given synthetic fixtures for tenant A; when exercising `UAM-WEB-017`; then normative behavior is observable via UI/API/events/audit within applicable NFR latency; unauthorized tenant/role/purpose denied with audit; gate `Visibility GA` checks pass. Min: 1 positive + 1 negative automated test linked to this ID.

h2. Traceability
* Requirement: UAM-WEB-017
* Edition: Visibility
* Strategy: ADAPT
* Release gate: Visibility GA
* Parent epic: EPIC-P1-03
",,EPIC-P1-03,"phase-1,visibility,uam,req-id,must,uam-web-017",High,UAM-WEB-017,1,Given synthetic fixtures for tenant A; when exercising `UAM-WEB-017`; then normative behavior is observable via UI/API/events/audit within applicable NFR latency; unauthorized tenant/role/purpose denied with audit; gate `Visibility GA` checks pass. Min: 1 positive + 1 negative automated test linked to this ID.,UAM-WEB
Story,UAM-WEB-018: Detect public file-sharing and personal cloud-storage destinations,"h2. Normative
The platform shall detect public file-sharing and personal cloud-storage destinations.

h2. Acceptance (v1.2)
Given synthetic fixtures for tenant A; when exercising `UAM-WEB-018`; then normative behavior is observable via UI/API/events/audit within applicable NFR latency; unauthorized tenant/role/purpose denied with audit; gate `Visibility GA` checks pass. Min: 1 positive + 1 negative automated test linked to this ID.

h2. Traceability
* Requirement: UAM-WEB-018
* Edition: Visibility
* Strategy: ADAPT
* Release gate: Visibility GA
* Parent epic: EPIC-P1-03
",,EPIC-P1-03,"phase-1,visibility,uam,req-id,must,uam-web-018",High,UAM-WEB-018,1,Given synthetic fixtures for tenant A; when exercising `UAM-WEB-018`; then normative behavior is observable via UI/API/events/audit within applicable NFR latency; unauthorized tenant/role/purpose denied with audit; gate `Visibility GA` checks pass. Min: 1 positive + 1 negative automated test linked to this ID.,UAM-WEB
Story,"UAM-WEB-019: Detect AI service usage and distinguish approved, tolerated and shadow-AI services","h2. Normative
The platform shall detect AI service usage and distinguish approved, tolerated and shadow-AI services.

h2. Acceptance (v1.2)
Given synthetic fixtures for tenant A; when exercising `UAM-WEB-019`; then normative behavior is observable via UI/API/events/audit within applicable NFR latency; unauthorized tenant/role/purpose denied with audit; gate `Visibility GA` checks pass. Min: 1 positive + 1 negative automated test linked to this ID.

h2. Traceability
* Requirement: UAM-WEB-019
* Edition: Visibility
* Strategy: ADAPT
* Release gate: Visibility GA
* Parent epic: EPIC-P1-03
",,EPIC-P1-03,"phase-1,visibility,uam,req-id,must,uam-web-019",High,UAM-WEB-019,1,Given synthetic fixtures for tenant A; when exercising `UAM-WEB-019`; then normative behavior is observable via UI/API/events/audit within applicable NFR latency; unauthorized tenant/role/purpose denied with audit; gate `Visibility GA` checks pass. Min: 1 positive + 1 negative automated test linked to this ID.,UAM-WEB
Story,UAM-WEB-020: Support web-activity export/API without exposing excluded/redacted content,"h2. Normative
The platform shall support web-activity export/API without exposing excluded/redacted content.

h2. Acceptance (v1.2)
Given synthetic fixtures for tenant A; when exercising `UAM-WEB-020`; then normative behavior is observable via UI/API/events/audit within applicable NFR latency; unauthorized tenant/role/purpose denied with audit; gate `Visibility GA` checks pass. Min: 1 positive + 1 negative automated test linked to this ID.

h2. Traceability
* Requirement: UAM-WEB-020
* Edition: Visibility
* Strategy: ADAPT
* Release gate: Visibility GA
* Parent epic: EPIC-P1-03
",,EPIC-P1-03,"phase-1,visibility,uam,req-id,must,uam-web-020",High,UAM-WEB-020,1,Given synthetic fixtures for tenant A; when exercising `UAM-WEB-020`; then normative behavior is observable via UI/API/events/audit within applicable NFR latency; unauthorized tenant/role/purpose denied with audit; gate `Visibility GA` checks pass. Min: 1 positive + 1 negative automated test linked to this ID.,UAM-WEB
Story,"UAM-TIME-001: Capture login, logout, lock, unlock and session start/end events","h2. Normative
The platform shall capture login, logout, lock, unlock and session start/end events.

h2. Acceptance (v1.2)
Given synthetic fixtures for tenant A; when exercising `UAM-TIME-001`; then normative behavior is observable via UI/API/events/audit within applicable NFR latency; unauthorized tenant/role/purpose denied with audit; gate `Visibility GA` checks pass. Min: 1 positive + 1 negative automated test linked to this ID.

h2. Traceability
* Requirement: UAM-TIME-001
* Edition: Visibility
* Strategy: ADAPT
* Release gate: Visibility GA
* Parent epic: EPIC-P1-04
",,EPIC-P1-04,"phase-1,visibility,uam,req-id,must,uam-time-001",High,UAM-TIME-001,1,Given synthetic fixtures for tenant A; when exercising `UAM-TIME-001`; then normative behavior is observable via UI/API/events/audit within applicable NFR latency; unauthorized tenant/role/purpose denied with audit; gate `Visibility GA` checks pass. Min: 1 positive + 1 negative automated test linked to this ID.,UAM-TIME
Story,"UAM-TIME-002: Calculate active, idle and logged-in time using configurable thresholds","h2. Normative
The platform shall calculate active, idle and logged-in time using configurable thresholds.

h2. Acceptance (v1.2)
Given synthetic fixtures for tenant A; when exercising `UAM-TIME-002`; then normative behavior is observable via UI/API/events/audit within applicable NFR latency; unauthorized tenant/role/purpose denied with audit; gate `Visibility GA` checks pass. Min: 1 positive + 1 negative automated test linked to this ID.

h2. Traceability
* Requirement: UAM-TIME-002
* Edition: Visibility
* Strategy: ADAPT
* Release gate: Visibility GA
* Parent epic: EPIC-P1-04
",,EPIC-P1-04,"phase-1,visibility,uam,req-id,must,uam-time-002",High,UAM-TIME-002,1,Given synthetic fixtures for tenant A; when exercising `UAM-TIME-002`; then normative behavior is observable via UI/API/events/audit within applicable NFR latency; unauthorized tenant/role/purpose denied with audit; gate `Visibility GA` checks pass. Min: 1 positive + 1 negative automated test linked to this ID.,UAM-TIME
Story,UAM-TIME-003: Separate machine idle from application inactivity and avoid labeling idle time as non-work by default,"h2. Normative
The platform shall separate machine idle from application inactivity and avoid labeling idle time as non-work by default.

h2. Acceptance (v1.2)
Given synthetic fixtures for tenant A; when exercising `UAM-TIME-003`; then normative behavior is observable via UI/API/events/audit within applicable NFR latency; unauthorized tenant/role/purpose denied with audit; gate `Visibility GA` checks pass. Min: 1 positive + 1 negative automated test linked to this ID.

h2. Traceability
* Requirement: UAM-TIME-003
* Edition: Visibility
* Strategy: ADAPT
* Release gate: Visibility GA
* Parent epic: EPIC-P1-04
",,EPIC-P1-04,"phase-1,visibility,uam,req-id,must,uam-time-003",High,UAM-TIME-003,1,Given synthetic fixtures for tenant A; when exercising `UAM-TIME-003`; then normative behavior is observable via UI/API/events/audit within applicable NFR latency; unauthorized tenant/role/purpose denied with audit; gate `Visibility GA` checks pass. Min: 1 positive + 1 negative automated test linked to this ID.,UAM-TIME
Story,UAM-TIME-004: Capture first activity and last activity for configured workdays,"h2. Normative
The platform shall capture first activity and last activity for configured workdays.

h2. Acceptance (v1.2)
Given synthetic fixtures for tenant A; when exercising `UAM-TIME-004`; then normative behavior is observable via UI/API/events/audit within applicable NFR latency; unauthorized tenant/role/purpose denied with audit; gate `Visibility GA` checks pass. Min: 1 positive + 1 negative automated test linked to this ID.

h2. Traceability
* Requirement: UAM-TIME-004
* Edition: Visibility
* Strategy: ADAPT
* Release gate: Visibility GA
* Parent epic: EPIC-P1-04
",,EPIC-P1-04,"phase-1,visibility,uam,req-id,must,uam-time-004",High,UAM-TIME-004,1,Given synthetic fixtures for tenant A; when exercising `UAM-TIME-004`; then normative behavior is observable via UI/API/events/audit within applicable NFR latency; unauthorized tenant/role/purpose denied with audit; gate `Visibility GA` checks pass. Min: 1 positive + 1 negative automated test linked to this ID.,UAM-TIME
Story,"UAM-TIME-005: Compare activity with assigned schedule, shift, holiday and timezone","h2. Normative
The platform shall compare activity with assigned schedule, shift, holiday and timezone.

h2. Acceptance (v1.2)
Given synthetic fixtures for tenant A; when exercising `UAM-TIME-005`; then normative behavior is observable via UI/API/events/audit within applicable NFR latency; unauthorized tenant/role/purpose denied with audit; gate `Visibility GA` checks pass. Min: 1 positive + 1 negative automated test linked to this ID.

h2. Traceability
* Requirement: UAM-TIME-005
* Edition: Visibility
* Strategy: ADAPT
* Release gate: Visibility GA
* Parent epic: EPIC-P1-04
",,EPIC-P1-04,"phase-1,visibility,uam,req-id,must,uam-time-005",High,UAM-TIME-005,1,Given synthetic fixtures for tenant A; when exercising `UAM-TIME-005`; then normative behavior is observable via UI/API/events/audit within applicable NFR latency; unauthorized tenant/role/purpose denied with audit; gate `Visibility GA` checks pass. Min: 1 positive + 1 negative automated test linked to this ID.,UAM-TIME
Story,UAM-TIME-006: Support overnight and split shifts,"h2. Normative
The platform shall support overnight and split shifts.

h2. Acceptance (v1.2)
Given synthetic fixtures for tenant A; when exercising `UAM-TIME-006`; then normative behavior is observable via UI/API/events/audit within applicable NFR latency; unauthorized tenant/role/purpose denied with audit; gate `Visibility GA` checks pass. Min: 1 positive + 1 negative automated test linked to this ID.

h2. Traceability
* Requirement: UAM-TIME-006
* Edition: Visibility
* Strategy: ADAPT
* Release gate: Visibility GA
* Parent epic: EPIC-P1-04
",,EPIC-P1-04,"phase-1,visibility,uam,req-id,must,uam-time-006",High,UAM-TIME-006,1,Given synthetic fixtures for tenant A; when exercising `UAM-TIME-006`; then normative behavior is observable via UI/API/events/audit within applicable NFR latency; unauthorized tenant/role/purpose denied with audit; gate `Visibility GA` checks pass. Min: 1 positive + 1 negative automated test linked to this ID.,UAM-TIME
Story,"UAM-TIME-007: Calculate workday span, active ratio, focus blocks and context-switching metrics","h2. Normative
The platform shall calculate workday span, active ratio, focus blocks and context-switching metrics.

h2. Acceptance (v1.2)
Given synthetic fixtures for tenant A; when exercising `UAM-TIME-007`; then normative behavior is observable via UI/API/events/audit within applicable NFR latency; unauthorized tenant/role/purpose denied with audit; gate `Visibility GA` checks pass. Min: 1 positive + 1 negative automated test linked to this ID.

h2. Traceability
* Requirement: UAM-TIME-007
* Edition: Visibility
* Strategy: ADAPT
* Release gate: Visibility GA
* Parent epic: EPIC-P1-04
",,EPIC-P1-04,"phase-1,visibility,uam,req-id,must,uam-time-007",High,UAM-TIME-007,1,Given synthetic fixtures for tenant A; when exercising `UAM-TIME-007`; then normative behavior is observable via UI/API/events/audit within applicable NFR latency; unauthorized tenant/role/purpose denied with audit; gate `Visibility GA` checks pass. Min: 1 positive + 1 negative automated test linked to this ID.,UAM-TIME
Story,"UAM-TIME-008: Detect sustained overwork, after-hours work and insufficient recovery patterns as wellbeing signals, not disciplinary conclusions","h2. Normative
The platform shall detect sustained overwork, after-hours work and insufficient recovery patterns as wellbeing signals, not disciplinary conclusions.

h2. Acceptance (v1.2)
Given synthetic fixtures for tenant A; when exercising `UAM-TIME-008`; then normative behavior is observable via UI/API/events/audit within applicable NFR latency; unauthorized tenant/role/purpose denied with audit; gate `Visibility GA` checks pass. Min: 1 positive + 1 negative automated test linked to this ID.

h2. Traceability
* Requirement: UAM-TIME-008
* Edition: Visibility
* Strategy: ADAPT
* Release gate: Visibility GA
* Parent epic: EPIC-P1-04
",,EPIC-P1-04,"phase-1,visibility,uam,req-id,must,uam-time-008",High,UAM-TIME-008,1,Given synthetic fixtures for tenant A; when exercising `UAM-TIME-008`; then normative behavior is observable via UI/API/events/audit within applicable NFR latency; unauthorized tenant/role/purpose denied with audit; gate `Visibility GA` checks pass. Min: 1 positive + 1 negative automated test linked to this ID.,UAM-TIME
Story,UAM-TIME-009: Detect unusual login time or session duration as risk signals,"h2. Normative
The platform shall detect unusual login time or session duration as risk signals.

h2. Acceptance (v1.2)
Given synthetic fixtures for tenant A; when exercising `UAM-TIME-009`; then normative behavior is observable via UI/API/events/audit within applicable NFR latency; unauthorized tenant/role/purpose denied with audit; gate `Visibility GA` checks pass. Min: 1 positive + 1 negative automated test linked to this ID.

h2. Traceability
* Requirement: UAM-TIME-009
* Edition: Visibility
* Strategy: ADAPT
* Release gate: Visibility GA
* Parent epic: EPIC-P1-04
",,EPIC-P1-04,"phase-1,visibility,uam,req-id,must,uam-time-009",High,UAM-TIME-009,1,Given synthetic fixtures for tenant A; when exercising `UAM-TIME-009`; then normative behavior is observable via UI/API/events/audit within applicable NFR latency; unauthorized tenant/role/purpose denied with audit; gate `Visibility GA` checks pass. Min: 1 positive + 1 negative automated test linked to this ID.,UAM-TIME
Story,UAM-TIME-010: Support transparent clock-in/clock-out mode for teams that need explicit attendance capture,"h2. Normative
The platform shall support transparent clock-in/clock-out mode for teams that need explicit attendance capture.

h2. Acceptance (v1.2)
Given synthetic fixtures for tenant A; when exercising `UAM-TIME-010`; then normative behavior is observable via UI/API/events/audit within applicable NFR latency; unauthorized tenant/role/purpose denied with audit; gate `Visibility GA` checks pass. Min: 1 positive + 1 negative automated test linked to this ID.

h2. Traceability
* Requirement: UAM-TIME-010
* Edition: Visibility
* Strategy: ADAPT
* Release gate: Visibility GA
* Parent epic: EPIC-P1-04
",,EPIC-P1-04,"phase-1,visibility,uam,req-id,must,uam-time-010",High,UAM-TIME-010,1,Given synthetic fixtures for tenant A; when exercising `UAM-TIME-010`; then normative behavior is observable via UI/API/events/audit within applicable NFR latency; unauthorized tenant/role/purpose denied with audit; gate `Visibility GA` checks pass. Min: 1 positive + 1 negative automated test linked to this ID.,UAM-TIME
Story,UAM-TIME-011: Allow managers to correct approved attendance exceptions without altering raw telemetry,"h2. Normative
The platform shall allow managers to correct approved attendance exceptions without altering raw telemetry.

h2. Acceptance (v1.2)
Given synthetic fixtures for tenant A; when exercising `UAM-TIME-011`; then normative behavior is observable via UI/API/events/audit within applicable NFR latency; unauthorized tenant/role/purpose denied with audit; gate `Visibility GA` checks pass. Min: 1 positive + 1 negative automated test linked to this ID.

h2. Traceability
* Requirement: UAM-TIME-011
* Edition: Visibility
* Strategy: ADAPT
* Release gate: Visibility GA
* Parent epic: EPIC-P1-04
",,EPIC-P1-04,"phase-1,visibility,uam,req-id,must,uam-time-011",High,UAM-TIME-011,1,Given synthetic fixtures for tenant A; when exercising `UAM-TIME-011`; then normative behavior is observable via UI/API/events/audit within applicable NFR latency; unauthorized tenant/role/purpose denied with audit; gate `Visibility GA` checks pass. Min: 1 positive + 1 negative automated test linked to this ID.,UAM-TIME
Story,UAM-TIME-012: Separate workforce time analytics from payroll-ready time unless explicit payroll rules are configured,"h2. Normative
The platform shall separate workforce time analytics from payroll-ready time unless explicit payroll rules are configured.

h2. Acceptance (v1.2)
Given synthetic fixtures for tenant A; when exercising `UAM-TIME-012`; then normative behavior is observable via UI/API/events/audit within applicable NFR latency; unauthorized tenant/role/purpose denied with audit; gate `Visibility GA` checks pass. Min: 1 positive + 1 negative automated test linked to this ID.

h2. Traceability
* Requirement: UAM-TIME-012
* Edition: Visibility
* Strategy: ADAPT
* Release gate: Visibility GA
* Parent epic: EPIC-P1-04
",,EPIC-P1-04,"phase-1,visibility,uam,req-id,must,uam-time-012",High,UAM-TIME-012,1,Given synthetic fixtures for tenant A; when exercising `UAM-TIME-012`; then normative behavior is observable via UI/API/events/audit within applicable NFR latency; unauthorized tenant/role/purpose denied with audit; gate `Visibility GA` checks pass. Min: 1 positive + 1 negative automated test linked to this ID.,UAM-TIME
Story,UAM-TIME-013: Provide time trends by user/team/location without exposing unnecessary content,"h2. Normative
The platform shall provide time trends by user/team/location without exposing unnecessary content.

h2. Acceptance (v1.2)
Given synthetic fixtures for tenant A; when exercising `UAM-TIME-013`; then normative behavior is observable via UI/API/events/audit within applicable NFR latency; unauthorized tenant/role/purpose denied with audit; gate `Visibility GA` checks pass. Min: 1 positive + 1 negative automated test linked to this ID.

h2. Traceability
* Requirement: UAM-TIME-013
* Edition: Visibility
* Strategy: ADAPT
* Release gate: Visibility GA
* Parent epic: EPIC-P1-04
",,EPIC-P1-04,"phase-1,visibility,uam,req-id,must,uam-time-013",High,UAM-TIME-013,1,Given synthetic fixtures for tenant A; when exercising `UAM-TIME-013`; then normative behavior is observable via UI/API/events/audit within applicable NFR latency; unauthorized tenant/role/purpose denied with audit; gate `Visibility GA` checks pass. Min: 1 positive + 1 negative automated test linked to this ID.,UAM-TIME
Story,UAM-TIME-014: Allow work-hours-only monitoring windows and stop excluded collection outside policy windows,"h2. Normative
The platform shall allow work-hours-only monitoring windows and stop excluded collection outside policy windows.

h2. Acceptance (v1.2)
Given synthetic fixtures for tenant A; when exercising `UAM-TIME-014`; then normative behavior is observable via UI/API/events/audit within applicable NFR latency; unauthorized tenant/role/purpose denied with audit; gate `Visibility GA` checks pass. Min: 1 positive + 1 negative automated test linked to this ID.

h2. Traceability
* Requirement: UAM-TIME-014
* Edition: Visibility
* Strategy: ADAPT
* Release gate: Visibility GA
* Parent epic: EPIC-P1-04
",,EPIC-P1-04,"phase-1,visibility,uam,req-id,must,uam-time-014",High,UAM-TIME-014,1,Given synthetic fixtures for tenant A; when exercising `UAM-TIME-014`; then normative behavior is observable via UI/API/events/audit within applicable NFR latency; unauthorized tenant/role/purpose denied with audit; gate `Visibility GA` checks pass. Min: 1 positive + 1 negative automated test linked to this ID.,UAM-TIME
Story,UAM-TIME-015: Support timezone travel changes and remote-work schedules without corrupting baselines,"h2. Normative
The platform shall support timezone travel changes and remote-work schedules without corrupting baselines.

h2. Acceptance (v1.2)
Given synthetic fixtures for tenant A; when exercising `UAM-TIME-015`; then normative behavior is observable via UI/API/events/audit within applicable NFR latency; unauthorized tenant/role/purpose denied with audit; gate `Visibility GA` checks pass. Min: 1 positive + 1 negative automated test linked to this ID.

h2. Traceability
* Requirement: UAM-TIME-015
* Edition: Visibility
* Strategy: ADAPT
* Release gate: Visibility GA
* Parent epic: EPIC-P1-04
",,EPIC-P1-04,"phase-1,visibility,uam,req-id,must,uam-time-015",High,UAM-TIME-015,1,Given synthetic fixtures for tenant A; when exercising `UAM-TIME-015`; then normative behavior is observable via UI/API/events/audit within applicable NFR latency; unauthorized tenant/role/purpose denied with audit; gate `Visibility GA` checks pass. Min: 1 positive + 1 negative automated test linked to this ID.,UAM-TIME
Story,UAM-TIME-016: Record calculation-rule/version provenance for every derived time metric,"h2. Normative
The platform shall record calculation-rule/version provenance for every derived time metric.

h2. Acceptance (v1.2)
Given synthetic fixtures for tenant A; when exercising `UAM-TIME-016`; then normative behavior is observable via UI/API/events/audit within applicable NFR latency; unauthorized tenant/role/purpose denied with audit; gate `Visibility GA` checks pass. Min: 1 positive + 1 negative automated test linked to this ID.

h2. Traceability
* Requirement: UAM-TIME-016
* Edition: Visibility
* Strategy: ADAPT
* Release gate: Visibility GA
* Parent epic: EPIC-P1-04
",,EPIC-P1-04,"phase-1,visibility,uam,req-id,must,uam-time-016",High,UAM-TIME-016,1,Given synthetic fixtures for tenant A; when exercising `UAM-TIME-016`; then normative behavior is observable via UI/API/events/audit within applicable NFR latency; unauthorized tenant/role/purpose denied with audit; gate `Visibility GA` checks pass. Min: 1 positive + 1 negative automated test linked to this ID.,UAM-TIME
Story,"UAM-FILE-001: Capture file create events with name, extension, path, size, user, device and source application when available","h2. Normative
The platform shall capture file create events with name, extension, path, size, user, device and source application when available.

h2. Acceptance (v1.2)
Given synthetic fixtures for tenant A; when exercising `UAM-FILE-001`; then normative behavior is observable via UI/API/events/audit within applicable NFR latency; unauthorized tenant/role/purpose denied with audit; gate `Visibility GA` checks pass. Min: 1 positive + 1 negative automated test linked to this ID.

h2. Traceability
* Requirement: UAM-FILE-001
* Edition: Visibility
* Strategy: ADAPT
* Release gate: Visibility GA
* Parent epic: EPIC-P1-05
",,EPIC-P1-05,"phase-1,visibility,uam,req-id,must,uam-file-001",High,UAM-FILE-001,1,Given synthetic fixtures for tenant A; when exercising `UAM-FILE-001`; then normative behavior is observable via UI/API/events/audit within applicable NFR latency; unauthorized tenant/role/purpose denied with audit; gate `Visibility GA` checks pass. Min: 1 positive + 1 negative automated test linked to this ID.,UAM-FILE
Story,UAM-FILE-002: Capture file open/read/access metadata where supported and appropriate,"h2. Normative
The platform shall capture file open/read/access metadata where supported and appropriate.

h2. Acceptance (v1.2)
Given synthetic fixtures for tenant A; when exercising `UAM-FILE-002`; then normative behavior is observable via UI/API/events/audit within applicable NFR latency; unauthorized tenant/role/purpose denied with audit; gate `Visibility GA` checks pass. Min: 1 positive + 1 negative automated test linked to this ID.

h2. Traceability
* Requirement: UAM-FILE-002
* Edition: Visibility
* Strategy: ADAPT
* Release gate: Visibility GA
* Parent epic: EPIC-P1-05
",,EPIC-P1-05,"phase-1,visibility,uam,req-id,must,uam-file-002",High,UAM-FILE-002,1,Given synthetic fixtures for tenant A; when exercising `UAM-FILE-002`; then normative behavior is observable via UI/API/events/audit within applicable NFR latency; unauthorized tenant/role/purpose denied with audit; gate `Visibility GA` checks pass. Min: 1 positive + 1 negative automated test linked to this ID.,UAM-FILE
Story,UAM-FILE-003: Capture file write/modify events,"h2. Normative
The platform shall capture file write/modify events.

h2. Acceptance (v1.2)
Given synthetic fixtures for tenant A; when exercising `UAM-FILE-003`; then normative behavior is observable via UI/API/events/audit within applicable NFR latency; unauthorized tenant/role/purpose denied with audit; gate `Visibility GA` checks pass. Min: 1 positive + 1 negative automated test linked to this ID.

h2. Traceability
* Requirement: UAM-FILE-003
* Edition: Visibility
* Strategy: ADAPT
* Release gate: Visibility GA
* Parent epic: EPIC-P1-05
",,EPIC-P1-05,"phase-1,visibility,uam,req-id,must,uam-file-003",High,UAM-FILE-003,1,Given synthetic fixtures for tenant A; when exercising `UAM-FILE-003`; then normative behavior is observable via UI/API/events/audit within applicable NFR latency; unauthorized tenant/role/purpose denied with audit; gate `Visibility GA` checks pass. Min: 1 positive + 1 negative automated test linked to this ID.,UAM-FILE
Story,UAM-FILE-004: Capture rename events with old and new names,"h2. Normative
The platform shall capture rename events with old and new names.

h2. Acceptance (v1.2)
Given synthetic fixtures for tenant A; when exercising `UAM-FILE-004`; then normative behavior is observable via UI/API/events/audit within applicable NFR latency; unauthorized tenant/role/purpose denied with audit; gate `Visibility GA` checks pass. Min: 1 positive + 1 negative automated test linked to this ID.

h2. Traceability
* Requirement: UAM-FILE-004
* Edition: Visibility
* Strategy: ADAPT
* Release gate: Visibility GA
* Parent epic: EPIC-P1-05
",,EPIC-P1-05,"phase-1,visibility,uam,req-id,must,uam-file-004",High,UAM-FILE-004,1,Given synthetic fixtures for tenant A; when exercising `UAM-FILE-004`; then normative behavior is observable via UI/API/events/audit within applicable NFR latency; unauthorized tenant/role/purpose denied with audit; gate `Visibility GA` checks pass. Min: 1 positive + 1 negative automated test linked to this ID.,UAM-FILE
Story,UAM-FILE-005: Capture move events with old and new locations,"h2. Normative
The platform shall capture move events with old and new locations.

h2. Acceptance (v1.2)
Given synthetic fixtures for tenant A; when exercising `UAM-FILE-005`; then normative behavior is observable via UI/API/events/audit within applicable NFR latency; unauthorized tenant/role/purpose denied with audit; gate `Visibility GA` checks pass. Min: 1 positive + 1 negative automated test linked to this ID.

h2. Traceability
* Requirement: UAM-FILE-005
* Edition: Visibility
* Strategy: ADAPT
* Release gate: Visibility GA
* Parent epic: EPIC-P1-05
",,EPIC-P1-05,"phase-1,visibility,uam,req-id,must,uam-file-005",High,UAM-FILE-005,1,Given synthetic fixtures for tenant A; when exercising `UAM-FILE-005`; then normative behavior is observable via UI/API/events/audit within applicable NFR latency; unauthorized tenant/role/purpose denied with audit; gate `Visibility GA` checks pass. Min: 1 positive + 1 negative automated test linked to this ID.,UAM-FILE
Story,UAM-FILE-006: Capture copy events with source and destination,"h2. Normative
The platform shall capture copy events with source and destination.

h2. Acceptance (v1.2)
Given synthetic fixtures for tenant A; when exercising `UAM-FILE-006`; then normative behavior is observable via UI/API/events/audit within applicable NFR latency; unauthorized tenant/role/purpose denied with audit; gate `Visibility GA` checks pass. Min: 1 positive + 1 negative automated test linked to this ID.

h2. Traceability
* Requirement: UAM-FILE-006
* Edition: Visibility
* Strategy: ADAPT
* Release gate: Visibility GA
* Parent epic: EPIC-P1-05
",,EPIC-P1-05,"phase-1,visibility,uam,req-id,must,uam-file-006",High,UAM-FILE-006,1,Given synthetic fixtures for tenant A; when exercising `UAM-FILE-006`; then normative behavior is observable via UI/API/events/audit within applicable NFR latency; unauthorized tenant/role/purpose denied with audit; gate `Visibility GA` checks pass. Min: 1 positive + 1 negative automated test linked to this ID.,UAM-FILE
Story,UAM-FILE-007: Capture delete events and deletion context where observable,"h2. Normative
The platform shall capture delete events and deletion context where observable.

h2. Acceptance (v1.2)
Given synthetic fixtures for tenant A; when exercising `UAM-FILE-007`; then normative behavior is observable via UI/API/events/audit within applicable NFR latency; unauthorized tenant/role/purpose denied with audit; gate `Visibility GA` checks pass. Min: 1 positive + 1 negative automated test linked to this ID.

h2. Traceability
* Requirement: UAM-FILE-007
* Edition: Visibility
* Strategy: ADAPT
* Release gate: Visibility GA
* Parent epic: EPIC-P1-05
",,EPIC-P1-05,"phase-1,visibility,uam,req-id,must,uam-file-007",High,UAM-FILE-007,1,Given synthetic fixtures for tenant A; when exercising `UAM-FILE-007`; then normative behavior is observable via UI/API/events/audit within applicable NFR latency; unauthorized tenant/role/purpose denied with audit; gate `Visibility GA` checks pass. Min: 1 positive + 1 negative automated test linked to this ID.,UAM-FILE
Story,UAM-FILE-008: Capture upload and download events from supported browser/cloud/file-transfer contexts,"h2. Normative
The platform shall capture upload and download events from supported browser/cloud/file-transfer contexts.

h2. Acceptance (v1.2)
Given synthetic fixtures for tenant A; when exercising `UAM-FILE-008`; then normative behavior is observable via UI/API/events/audit within applicable NFR latency; unauthorized tenant/role/purpose denied with audit; gate `Visibility GA` checks pass. Min: 1 positive + 1 negative automated test linked to this ID.

h2. Traceability
* Requirement: UAM-FILE-008
* Edition: Visibility
* Strategy: ADAPT
* Release gate: Visibility GA
* Parent epic: EPIC-P1-05
",,EPIC-P1-05,"phase-1,visibility,uam,req-id,must,uam-file-008",High,UAM-FILE-008,1,Given synthetic fixtures for tenant A; when exercising `UAM-FILE-008`; then normative behavior is observable via UI/API/events/audit within applicable NFR latency; unauthorized tenant/role/purpose denied with audit; gate `Visibility GA` checks pass. Min: 1 positive + 1 negative automated test linked to this ID.,UAM-FILE
Story,UAM-FILE-009: Capture removable-media copy-in and copy-out events,"h2. Normative
The platform shall capture removable-media copy-in and copy-out events.

h2. Acceptance (v1.2)
Given synthetic fixtures for tenant A; when exercising `UAM-FILE-009`; then normative behavior is observable via UI/API/events/audit within applicable NFR latency; unauthorized tenant/role/purpose denied with audit; gate `Visibility GA` checks pass. Min: 1 positive + 1 negative automated test linked to this ID.

h2. Traceability
* Requirement: UAM-FILE-009
* Edition: Visibility
* Strategy: ADAPT
* Release gate: Visibility GA
* Parent epic: EPIC-P1-05
",,EPIC-P1-05,"phase-1,visibility,uam,req-id,must,uam-file-009",High,UAM-FILE-009,1,Given synthetic fixtures for tenant A; when exercising `UAM-FILE-009`; then normative behavior is observable via UI/API/events/audit within applicable NFR latency; unauthorized tenant/role/purpose denied with audit; gate `Visibility GA` checks pass. Min: 1 positive + 1 negative automated test linked to this ID.,UAM-FILE
Story,"UAM-FILE-010: Capture print events with document, printer/device type, page count and copies where available","h2. Normative
The platform shall capture print events with document, printer/device type, page count and copies where available.

h2. Acceptance (v1.2)
Given synthetic fixtures for tenant A; when exercising `UAM-FILE-010`; then normative behavior is observable via UI/API/events/audit within applicable NFR latency; unauthorized tenant/role/purpose denied with audit; gate `Visibility GA` checks pass. Min: 1 positive + 1 negative automated test linked to this ID.

h2. Traceability
* Requirement: UAM-FILE-010
* Edition: Visibility
* Strategy: ADAPT
* Release gate: Visibility GA
* Parent epic: EPIC-P1-05
",,EPIC-P1-05,"phase-1,visibility,uam,req-id,must,uam-file-010",High,UAM-FILE-010,1,Given synthetic fixtures for tenant A; when exercising `UAM-FILE-010`; then normative behavior is observable via UI/API/events/audit within applicable NFR latency; unauthorized tenant/role/purpose denied with audit; gate `Visibility GA` checks pass. Min: 1 positive + 1 negative automated test linked to this ID.,UAM-FILE
Story,UAM-FILE-011: Capture cloud-storage file activity through supported endpoint/cloud integrations,"h2. Normative
The platform shall capture cloud-storage file activity through supported endpoint/cloud integrations.

h2. Acceptance (v1.2)
Given synthetic fixtures for tenant A; when exercising `UAM-FILE-011`; then normative behavior is observable via UI/API/events/audit within applicable NFR latency; unauthorized tenant/role/purpose denied with audit; gate `Visibility GA` checks pass. Min: 1 positive + 1 negative automated test linked to this ID.

h2. Traceability
* Requirement: UAM-FILE-011
* Edition: Visibility
* Strategy: ADAPT
* Release gate: Visibility GA
* Parent epic: EPIC-P1-05
",,EPIC-P1-05,"phase-1,visibility,uam,req-id,must,uam-file-011",High,UAM-FILE-011,1,Given synthetic fixtures for tenant A; when exercising `UAM-FILE-011`; then normative behavior is observable via UI/API/events/audit within applicable NFR latency; unauthorized tenant/role/purpose denied with audit; gate `Visibility GA` checks pass. Min: 1 positive + 1 negative automated test linked to this ID.,UAM-FILE
Story,UAM-FILE-012: Capture network-share and mapped-drive activity where supported,"h2. Normative
The platform shall capture network-share and mapped-drive activity where supported.

h2. Acceptance (v1.2)
Given synthetic fixtures for tenant A; when exercising `UAM-FILE-012`; then normative behavior is observable via UI/API/events/audit within applicable NFR latency; unauthorized tenant/role/purpose denied with audit; gate `Visibility GA` checks pass. Min: 1 positive + 1 negative automated test linked to this ID.

h2. Traceability
* Requirement: UAM-FILE-012
* Edition: Visibility
* Strategy: ADAPT
* Release gate: Visibility GA
* Parent epic: EPIC-P1-05
",,EPIC-P1-05,"phase-1,visibility,uam,req-id,must,uam-file-012",High,UAM-FILE-012,1,Given synthetic fixtures for tenant A; when exercising `UAM-FILE-012`; then normative behavior is observable via UI/API/events/audit within applicable NFR latency; unauthorized tenant/role/purpose denied with audit; gate `Visibility GA` checks pass. Min: 1 positive + 1 negative automated test linked to this ID.,UAM-FILE
Story,UAM-FILE-013: Compute cryptographic hashes for configured files/events with size/performance safeguards,"h2. Normative
The platform shall compute cryptographic hashes for configured files/events with size/performance safeguards.

h2. Acceptance (v1.2)
Given synthetic fixtures for tenant A; when exercising `UAM-FILE-013`; then normative behavior is observable via UI/API/events/audit within applicable NFR latency; unauthorized tenant/role/purpose denied with audit; gate `Visibility GA` checks pass. Min: 1 positive + 1 negative automated test linked to this ID.

h2. Traceability
* Requirement: UAM-FILE-013
* Edition: Visibility
* Strategy: ADAPT
* Release gate: Visibility GA
* Parent epic: EPIC-P1-05
",,EPIC-P1-05,"phase-1,visibility,uam,req-id,must,uam-file-013",High,UAM-FILE-013,1,Given synthetic fixtures for tenant A; when exercising `UAM-FILE-013`; then normative behavior is observable via UI/API/events/audit within applicable NFR latency; unauthorized tenant/role/purpose denied with audit; gate `Visibility GA` checks pass. Min: 1 positive + 1 negative automated test linked to this ID.,UAM-FILE
Story,"UAM-FILE-014: Maintain file lineage across rename, move, copy, archive and transfer events when identifiers/hashes permit","h2. Normative
The platform shall maintain file lineage across rename, move, copy, archive and transfer events when identifiers/hashes permit.

h2. Acceptance (v1.2)
Given synthetic fixtures for tenant A; when exercising `UAM-FILE-014`; then normative behavior is observable via UI/API/events/audit within applicable NFR latency; unauthorized tenant/role/purpose denied with audit; gate `Visibility GA` checks pass. Min: 1 positive + 1 negative automated test linked to this ID.

h2. Traceability
* Requirement: UAM-FILE-014
* Edition: Visibility
* Strategy: ADAPT
* Release gate: Visibility GA
* Parent epic: EPIC-P1-05
",,EPIC-P1-05,"phase-1,visibility,uam,req-id,must,uam-file-014",High,UAM-FILE-014,1,Given synthetic fixtures for tenant A; when exercising `UAM-FILE-014`; then normative behavior is observable via UI/API/events/audit within applicable NFR latency; unauthorized tenant/role/purpose denied with audit; gate `Visibility GA` checks pass. Min: 1 positive + 1 negative automated test linked to this ID.,UAM-FILE
Story,UAM-FILE-015: Detect extension manipulation and misleading rename/obfuscation patterns,"h2. Normative
The platform shall detect extension manipulation and misleading rename/obfuscation patterns.

h2. Acceptance (v1.2)
Given synthetic fixtures for tenant A; when exercising `UAM-FILE-015`; then normative behavior is observable via UI/API/events/audit within applicable NFR latency; unauthorized tenant/role/purpose denied with audit; gate `Visibility GA` checks pass. Min: 1 positive + 1 negative automated test linked to this ID.

h2. Traceability
* Requirement: UAM-FILE-015
* Edition: Visibility
* Strategy: ADAPT
* Release gate: Visibility GA
* Parent epic: EPIC-P1-05
",,EPIC-P1-05,"phase-1,visibility,uam,req-id,must,uam-file-015",High,UAM-FILE-015,1,Given synthetic fixtures for tenant A; when exercising `UAM-FILE-015`; then normative behavior is observable via UI/API/events/audit within applicable NFR latency; unauthorized tenant/role/purpose denied with audit; gate `Visibility GA` checks pass. Min: 1 positive + 1 negative automated test linked to this ID.,UAM-FILE
Story,UAM-FILE-016: Detect archive/compression and bulk staging behaviors,"h2. Normative
The platform shall detect archive/compression and bulk staging behaviors.

h2. Acceptance (v1.2)
Given synthetic fixtures for tenant A; when exercising `UAM-FILE-016`; then normative behavior is observable via UI/API/events/audit within applicable NFR latency; unauthorized tenant/role/purpose denied with audit; gate `Visibility GA` checks pass. Min: 1 positive + 1 negative automated test linked to this ID.

h2. Traceability
* Requirement: UAM-FILE-016
* Edition: Visibility
* Strategy: ADAPT
* Release gate: Visibility GA
* Parent epic: EPIC-P1-05
",,EPIC-P1-05,"phase-1,visibility,uam,req-id,must,uam-file-016",High,UAM-FILE-016,1,Given synthetic fixtures for tenant A; when exercising `UAM-FILE-016`; then normative behavior is observable via UI/API/events/audit within applicable NFR latency; unauthorized tenant/role/purpose denied with audit; gate `Visibility GA` checks pass. Min: 1 positive + 1 negative automated test linked to this ID.,UAM-FILE
Story,UAM-FILE-017: Detect unusual file-access volume and velocity against user/peer baselines,"h2. Normative
The platform shall detect unusual file-access volume and velocity against user/peer baselines.

h2. Acceptance (v1.2)
Given synthetic fixtures for tenant A; when exercising `UAM-FILE-017`; then normative behavior is observable via UI/API/events/audit within applicable NFR latency; unauthorized tenant/role/purpose denied with audit; gate `Visibility GA` checks pass. Min: 1 positive + 1 negative automated test linked to this ID.

h2. Traceability
* Requirement: UAM-FILE-017
* Edition: Visibility
* Strategy: ADAPT
* Release gate: Visibility GA
* Parent epic: EPIC-P1-05
",,EPIC-P1-05,"phase-1,visibility,uam,req-id,must,uam-file-017",High,UAM-FILE-017,1,Given synthetic fixtures for tenant A; when exercising `UAM-FILE-017`; then normative behavior is observable via UI/API/events/audit within applicable NFR latency; unauthorized tenant/role/purpose denied with audit; gate `Visibility GA` checks pass. Min: 1 positive + 1 negative automated test linked to this ID.,UAM-FILE
Story,UAM-FILE-018: Detect sensitive-file access followed by exfiltration-channel activity,"h2. Normative
The platform shall detect sensitive-file access followed by exfiltration-channel activity.

h2. Acceptance (v1.2)
Given synthetic fixtures for tenant A; when exercising `UAM-FILE-018`; then normative behavior is observable via UI/API/events/audit within applicable NFR latency; unauthorized tenant/role/purpose denied with audit; gate `Visibility GA` checks pass. Min: 1 positive + 1 negative automated test linked to this ID.

h2. Traceability
* Requirement: UAM-FILE-018
* Edition: Visibility
* Strategy: ADAPT
* Release gate: Visibility GA
* Parent epic: EPIC-P1-05
",,EPIC-P1-05,"phase-1,visibility,uam,req-id,must,uam-file-018",High,UAM-FILE-018,1,Given synthetic fixtures for tenant A; when exercising `UAM-FILE-018`; then normative behavior is observable via UI/API/events/audit within applicable NFR latency; unauthorized tenant/role/purpose denied with audit; gate `Visibility GA` checks pass. Min: 1 positive + 1 negative automated test linked to this ID.,UAM-FILE
Story,UAM-FILE-019: Detect first-time removable storage and unusual removable-media usage,"h2. Normative
The platform shall detect first-time removable storage and unusual removable-media usage.

h2. Acceptance (v1.2)
Given synthetic fixtures for tenant A; when exercising `UAM-FILE-019`; then normative behavior is observable via UI/API/events/audit within applicable NFR latency; unauthorized tenant/role/purpose denied with audit; gate `Visibility GA` checks pass. Min: 1 positive + 1 negative automated test linked to this ID.

h2. Traceability
* Requirement: UAM-FILE-019
* Edition: Visibility
* Strategy: ADAPT
* Release gate: Visibility GA
* Parent epic: EPIC-P1-05
",,EPIC-P1-05,"phase-1,visibility,uam,req-id,must,uam-file-019",High,UAM-FILE-019,1,Given synthetic fixtures for tenant A; when exercising `UAM-FILE-019`; then normative behavior is observable via UI/API/events/audit within applicable NFR latency; unauthorized tenant/role/purpose denied with audit; gate `Visibility GA` checks pass. Min: 1 positive + 1 negative automated test linked to this ID.,UAM-FILE
Story,UAM-FILE-020: Record removable-device vendor/product/serial identifiers where OS permissions provide them,"h2. Normative
The platform shall record removable-device vendor/product/serial identifiers where OS permissions provide them.

h2. Acceptance (v1.2)
Given synthetic fixtures for tenant A; when exercising `UAM-FILE-020`; then normative behavior is observable via UI/API/events/audit within applicable NFR latency; unauthorized tenant/role/purpose denied with audit; gate `Visibility GA` checks pass. Min: 1 positive + 1 negative automated test linked to this ID.

h2. Traceability
* Requirement: UAM-FILE-020
* Edition: Visibility
* Strategy: ADAPT
* Release gate: Visibility GA
* Parent epic: EPIC-P1-05
",,EPIC-P1-05,"phase-1,visibility,uam,req-id,must,uam-file-020",High,UAM-FILE-020,1,Given synthetic fixtures for tenant A; when exercising `UAM-FILE-020`; then normative behavior is observable via UI/API/events/audit within applicable NFR latency; unauthorized tenant/role/purpose denied with audit; gate `Visibility GA` checks pass. Min: 1 positive + 1 negative automated test linked to this ID.,UAM-FILE
Story,"UAM-FILE-021: Classify destination as local, removable, network, approved cloud, unsanctioned cloud, webmail or other transfer channel","h2. Normative
The platform shall classify destination as local, removable, network, approved cloud, unsanctioned cloud, webmail or other transfer channel.

h2. Acceptance (v1.2)
Given synthetic fixtures for tenant A; when exercising `UAM-FILE-021`; then normative behavior is observable via UI/API/events/audit within applicable NFR latency; unauthorized tenant/role/purpose denied with audit; gate `Visibility GA` checks pass. Min: 1 positive + 1 negative automated test linked to this ID.

h2. Traceability
* Requirement: UAM-FILE-021
* Edition: Visibility
* Strategy: ADAPT
* Release gate: Visibility GA
* Parent epic: EPIC-P1-05
",,EPIC-P1-05,"phase-1,visibility,uam,req-id,must,uam-file-021",High,UAM-FILE-021,1,Given synthetic fixtures for tenant A; when exercising `UAM-FILE-021`; then normative behavior is observable via UI/API/events/audit within applicable NFR latency; unauthorized tenant/role/purpose denied with audit; gate `Visibility GA` checks pass. Min: 1 positive + 1 negative automated test linked to this ID.,UAM-FILE
Story,"UAM-FILE-022: Integrate sensitive-information type, sensitivity label and classification metadata when available","h2. Normative
The platform shall integrate sensitive-information type, sensitivity label and classification metadata when available.

h2. Acceptance (v1.2)
Given synthetic fixtures for tenant A; when exercising `UAM-FILE-022`; then normative behavior is observable via UI/API/events/audit within applicable NFR latency; unauthorized tenant/role/purpose denied with audit; gate `Visibility GA` checks pass. Min: 1 positive + 1 negative automated test linked to this ID.

h2. Traceability
* Requirement: UAM-FILE-022
* Edition: Visibility
* Strategy: ADAPT
* Release gate: Visibility GA
* Parent epic: EPIC-P1-05
",,EPIC-P1-05,"phase-1,visibility,uam,req-id,must,uam-file-022",High,UAM-FILE-022,1,Given synthetic fixtures for tenant A; when exercising `UAM-FILE-022`; then normative behavior is observable via UI/API/events/audit within applicable NFR latency; unauthorized tenant/role/purpose denied with audit; gate `Visibility GA` checks pass. Min: 1 positive + 1 negative automated test linked to this ID.,UAM-FILE
Story,UAM-FILE-023: Allow file/path exclusions and minimization policies,"h2. Normative
The platform shall allow file/path exclusions and minimization policies.

h2. Acceptance (v1.2)
Given synthetic fixtures for tenant A; when exercising `UAM-FILE-023`; then normative behavior is observable via UI/API/events/audit within applicable NFR latency; unauthorized tenant/role/purpose denied with audit; gate `Visibility GA` checks pass. Min: 1 positive + 1 negative automated test linked to this ID.

h2. Traceability
* Requirement: UAM-FILE-023
* Edition: Visibility
* Strategy: ADAPT
* Release gate: Visibility GA
* Parent epic: EPIC-P1-05
",,EPIC-P1-05,"phase-1,visibility,uam,req-id,must,uam-file-023",High,UAM-FILE-023,1,Given synthetic fixtures for tenant A; when exercising `UAM-FILE-023`; then normative behavior is observable via UI/API/events/audit within applicable NFR latency; unauthorized tenant/role/purpose denied with audit; gate `Visibility GA` checks pass. Min: 1 positive + 1 negative automated test linked to this ID.,UAM-FILE
Story,UAM-FILE-024: Allow file-transfer warn/block controls for supported channels and elevated-risk states,"h2. Normative
The platform shall allow file-transfer warn/block controls for supported channels and elevated-risk states.

h2. Acceptance (v1.2)
Given synthetic fixtures for tenant A; when exercising `UAM-FILE-024`; then normative behavior is observable via UI/API/events/audit within applicable NFR latency; unauthorized tenant/role/purpose denied with audit; gate `Visibility GA` checks pass. Min: 1 positive + 1 negative automated test linked to this ID.

h2. Traceability
* Requirement: UAM-FILE-024
* Edition: Visibility
* Strategy: ADAPT
* Release gate: Visibility GA
* Parent epic: EPIC-P1-05
",,EPIC-P1-05,"phase-1,visibility,uam,req-id,must,uam-file-024",High,UAM-FILE-024,1,Given synthetic fixtures for tenant A; when exercising `UAM-FILE-024`; then normative behavior is observable via UI/API/events/audit within applicable NFR latency; unauthorized tenant/role/purpose denied with audit; gate `Visibility GA` checks pass. Min: 1 positive + 1 negative automated test linked to this ID.,UAM-FILE
Story,UAM-FILE-025: Preserve event-source and collector confidence/coverage metadata,"h2. Normative
The platform shall preserve event-source and collector confidence/coverage metadata.

h2. Acceptance (v1.2)
Given synthetic fixtures for tenant A; when exercising `UAM-FILE-025`; then normative behavior is observable via UI/API/events/audit within applicable NFR latency; unauthorized tenant/role/purpose denied with audit; gate `Visibility GA` checks pass. Min: 1 positive + 1 negative automated test linked to this ID.

h2. Traceability
* Requirement: UAM-FILE-025
* Edition: Visibility
* Strategy: ADAPT
* Release gate: Visibility GA
* Parent epic: EPIC-P1-05
",,EPIC-P1-05,"phase-1,visibility,uam,req-id,must,uam-file-025",High,UAM-FILE-025,1,Given synthetic fixtures for tenant A; when exercising `UAM-FILE-025`; then normative behavior is observable via UI/API/events/audit within applicable NFR latency; unauthorized tenant/role/purpose denied with audit; gate `Visibility GA` checks pass. Min: 1 positive + 1 negative automated test linked to this ID.,UAM-FILE
Story,UAM-FILE-026: Expose file lineage graph in investigations,"h2. Normative
The platform shall expose file lineage graph in investigations.

h2. Acceptance (v1.2)
Given synthetic fixtures for tenant A; when exercising `UAM-FILE-026`; then normative behavior is observable via UI/API/events/audit within applicable NFR latency; unauthorized tenant/role/purpose denied with audit; gate `Visibility GA` checks pass. Min: 1 positive + 1 negative automated test linked to this ID.

h2. Traceability
* Requirement: UAM-FILE-026
* Edition: Visibility
* Strategy: ADAPT
* Release gate: Visibility GA
* Parent epic: EPIC-P1-05
",,EPIC-P1-05,"phase-1,visibility,uam,req-id,must,uam-file-026",High,UAM-FILE-026,1,Given synthetic fixtures for tenant A; when exercising `UAM-FILE-026`; then normative behavior is observable via UI/API/events/audit within applicable NFR latency; unauthorized tenant/role/purpose denied with audit; gate `Visibility GA` checks pass. Min: 1 positive + 1 negative automated test linked to this ID.,UAM-FILE
Story,"UAM-FILE-027: Expose file activity in global search using filename, path, hash, extension, destination, user and device filters","h2. Normative
The platform shall expose file activity in global search using filename, path, hash, extension, destination, user and device filters.

h2. Acceptance (v1.2)
Given synthetic fixtures for tenant A; when exercising `UAM-FILE-027`; then normative behavior is observable via UI/API/events/audit within applicable NFR latency; unauthorized tenant/role/purpose denied with audit; gate `Visibility GA` checks pass. Min: 1 positive + 1 negative automated test linked to this ID.

h2. Traceability
* Requirement: UAM-FILE-027
* Edition: Visibility
* Strategy: ADAPT
* Release gate: Visibility GA
* Parent epic: EPIC-P1-05
",,EPIC-P1-05,"phase-1,visibility,uam,req-id,must,uam-file-027",High,UAM-FILE-027,1,Given synthetic fixtures for tenant A; when exercising `UAM-FILE-027`; then normative behavior is observable via UI/API/events/audit within applicable NFR latency; unauthorized tenant/role/purpose denied with audit; gate `Visibility GA` checks pass. Min: 1 positive + 1 negative automated test linked to this ID.,UAM-FILE
Story,UAM-FILE-028: Support high-volume aggregation views that do not require loading every raw event,"h2. Normative
The platform shall support high-volume aggregation views that do not require loading every raw event.

h2. Acceptance (v1.2)
Given synthetic fixtures for tenant A; when exercising `UAM-FILE-028`; then normative behavior is observable via UI/API/events/audit within applicable NFR latency; unauthorized tenant/role/purpose denied with audit; gate `Visibility GA` checks pass. Min: 1 positive + 1 negative automated test linked to this ID.

h2. Traceability
* Requirement: UAM-FILE-028
* Edition: Visibility
* Strategy: ADAPT
* Release gate: Visibility GA
* Parent epic: EPIC-P1-05
",,EPIC-P1-05,"phase-1,visibility,uam,req-id,must,uam-file-028",High,UAM-FILE-028,1,Given synthetic fixtures for tenant A; when exercising `UAM-FILE-028`; then normative behavior is observable via UI/API/events/audit within applicable NFR latency; unauthorized tenant/role/purpose denied with audit; gate `Visibility GA` checks pass. Min: 1 positive + 1 negative automated test linked to this ID.,UAM-FILE
Story,UAM-FILE-029: Support legal-hold preservation for selected file events/evidence,"h2. Normative
The platform shall support legal-hold preservation for selected file events/evidence.

h2. Acceptance (v1.2)
Given synthetic fixtures for tenant A; when exercising `UAM-FILE-029`; then normative behavior is observable via UI/API/events/audit within applicable NFR latency; unauthorized tenant/role/purpose denied with audit; gate `Visibility GA` checks pass. Min: 1 positive + 1 negative automated test linked to this ID.

h2. Traceability
* Requirement: UAM-FILE-029
* Edition: Visibility
* Strategy: ADAPT
* Release gate: Visibility GA
* Parent epic: EPIC-P1-05
",,EPIC-P1-05,"phase-1,visibility,uam,req-id,must,uam-file-029",High,UAM-FILE-029,1,Given synthetic fixtures for tenant A; when exercising `UAM-FILE-029`; then normative behavior is observable via UI/API/events/audit within applicable NFR latency; unauthorized tenant/role/purpose denied with audit; gate `Visibility GA` checks pass. Min: 1 positive + 1 negative automated test linked to this ID.,UAM-FILE
Story,"UAM-FILE-030: Support secure evidence export with hashes, manifest and chain-of-custody metadata","h2. Normative
The platform shall support secure evidence export with hashes, manifest and chain-of-custody metadata.

h2. Acceptance (v1.2)
Given synthetic fixtures for tenant A; when exercising `UAM-FILE-030`; then normative behavior is observable via UI/API/events/audit within applicable NFR latency; unauthorized tenant/role/purpose denied with audit; gate `Visibility GA` checks pass. Min: 1 positive + 1 negative automated test linked to this ID.

h2. Traceability
* Requirement: UAM-FILE-030
* Edition: Visibility
* Strategy: ADAPT
* Release gate: Visibility GA
* Parent epic: EPIC-P1-05
",,EPIC-P1-05,"phase-1,visibility,uam,req-id,must,uam-file-030",High,UAM-FILE-030,1,Given synthetic fixtures for tenant A; when exercising `UAM-FILE-030`; then normative behavior is observable via UI/API/events/audit within applicable NFR latency; unauthorized tenant/role/purpose denied with audit; gate `Visibility GA` checks pass. Min: 1 positive + 1 negative automated test linked to this ID.,UAM-FILE
Story,UAM-NET-001: Capture application/process network connection metadata where supported,"h2. Normative
The platform shall capture application/process network connection metadata where supported.

h2. Acceptance (v1.2)
Given synthetic fixtures for tenant A; when exercising `UAM-NET-001`; then normative behavior is observable via UI/API/events/audit within applicable NFR latency; unauthorized tenant/role/purpose denied with audit; gate `Visibility GA` checks pass. Min: 1 positive + 1 negative automated test linked to this ID.

h2. Traceability
* Requirement: UAM-NET-001
* Edition: Visibility
* Strategy: ADAPT
* Release gate: Visibility GA
* Parent epic: EPIC-P1-06
",,EPIC-P1-06,"phase-1,visibility,uam,req-id,must,uam-net-001",High,UAM-NET-001,1,Given synthetic fixtures for tenant A; when exercising `UAM-NET-001`; then normative behavior is observable via UI/API/events/audit within applicable NFR latency; unauthorized tenant/role/purpose denied with audit; gate `Visibility GA` checks pass. Min: 1 positive + 1 negative automated test linked to this ID.,UAM-NET
Story,"UAM-NET-002: Capture remote domain/host, remote IP, port, protocol and connection timing","h2. Normative
The platform shall capture remote domain/host, remote IP, port, protocol and connection timing.

h2. Acceptance (v1.2)
Given synthetic fixtures for tenant A; when exercising `UAM-NET-002`; then normative behavior is observable via UI/API/events/audit within applicable NFR latency; unauthorized tenant/role/purpose denied with audit; gate `Visibility GA` checks pass. Min: 1 positive + 1 negative automated test linked to this ID.

h2. Traceability
* Requirement: UAM-NET-002
* Edition: Visibility
* Strategy: ADAPT
* Release gate: Visibility GA
* Parent epic: EPIC-P1-06
",,EPIC-P1-06,"phase-1,visibility,uam,req-id,must,uam-net-002",High,UAM-NET-002,1,Given synthetic fixtures for tenant A; when exercising `UAM-NET-002`; then normative behavior is observable via UI/API/events/audit within applicable NFR latency; unauthorized tenant/role/purpose denied with audit; gate `Visibility GA` checks pass. Min: 1 positive + 1 negative automated test linked to this ID.,UAM-NET
Story,UAM-NET-003: Capture bytes sent and received where supported without packet-content collection by default,"h2. Normative
The platform shall capture bytes sent and received where supported without packet-content collection by default.

h2. Acceptance (v1.2)
Given synthetic fixtures for tenant A; when exercising `UAM-NET-003`; then normative behavior is observable via UI/API/events/audit within applicable NFR latency; unauthorized tenant/role/purpose denied with audit; gate `Visibility GA` checks pass. Min: 1 positive + 1 negative automated test linked to this ID.

h2. Traceability
* Requirement: UAM-NET-003
* Edition: Visibility
* Strategy: ADAPT
* Release gate: Visibility GA
* Parent epic: EPIC-P1-06
",,EPIC-P1-06,"phase-1,visibility,uam,req-id,must,uam-net-003",High,UAM-NET-003,1,Given synthetic fixtures for tenant A; when exercising `UAM-NET-003`; then normative behavior is observable via UI/API/events/audit within applicable NFR latency; unauthorized tenant/role/purpose denied with audit; gate `Visibility GA` checks pass. Min: 1 positive + 1 negative automated test linked to this ID.,UAM-NET
Story,"UAM-NET-004: Associate network events with user, device, process/application and session","h2. Normative
The platform shall associate network events with user, device, process/application and session.

h2. Acceptance (v1.2)
Given synthetic fixtures for tenant A; when exercising `UAM-NET-004`; then normative behavior is observable via UI/API/events/audit within applicable NFR latency; unauthorized tenant/role/purpose denied with audit; gate `Visibility GA` checks pass. Min: 1 positive + 1 negative automated test linked to this ID.

h2. Traceability
* Requirement: UAM-NET-004
* Edition: Visibility
* Strategy: ADAPT
* Release gate: Visibility GA
* Parent epic: EPIC-P1-06
",,EPIC-P1-06,"phase-1,visibility,uam,req-id,must,uam-net-004",High,UAM-NET-004,1,Given synthetic fixtures for tenant A; when exercising `UAM-NET-004`; then normative behavior is observable via UI/API/events/audit within applicable NFR latency; unauthorized tenant/role/purpose denied with audit; gate `Visibility GA` checks pass. Min: 1 positive + 1 negative automated test linked to this ID.,UAM-NET
Story,"UAM-NET-005: Classify destinations by corporate, approved SaaS, personal cloud, risky/malicious, unknown or other configured categories","h2. Normative
The platform shall classify destinations by corporate, approved SaaS, personal cloud, risky/malicious, unknown or other configured categories.

h2. Acceptance (v1.2)
Given synthetic fixtures for tenant A; when exercising `UAM-NET-005`; then normative behavior is observable via UI/API/events/audit within applicable NFR latency; unauthorized tenant/role/purpose denied with audit; gate `Visibility GA` checks pass. Min: 1 positive + 1 negative automated test linked to this ID.

h2. Traceability
* Requirement: UAM-NET-005
* Edition: Visibility
* Strategy: ADAPT
* Release gate: Visibility GA
* Parent epic: EPIC-P1-06
",,EPIC-P1-06,"phase-1,visibility,uam,req-id,must,uam-net-005",High,UAM-NET-005,1,Given synthetic fixtures for tenant A; when exercising `UAM-NET-005`; then normative behavior is observable via UI/API/events/audit within applicable NFR latency; unauthorized tenant/role/purpose denied with audit; gate `Visibility GA` checks pass. Min: 1 positive + 1 negative automated test linked to this ID.,UAM-NET
Story,UAM-NET-006: Detect unusual outbound volume/velocity relative to user and peer baseline,"h2. Normative
The platform shall detect unusual outbound volume/velocity relative to user and peer baseline.

h2. Acceptance (v1.2)
Given synthetic fixtures for tenant A; when exercising `UAM-NET-006`; then normative behavior is observable via UI/API/events/audit within applicable NFR latency; unauthorized tenant/role/purpose denied with audit; gate `Visibility GA` checks pass. Min: 1 positive + 1 negative automated test linked to this ID.

h2. Traceability
* Requirement: UAM-NET-006
* Edition: Visibility
* Strategy: ADAPT
* Release gate: Visibility GA
* Parent epic: EPIC-P1-06
",,EPIC-P1-06,"phase-1,visibility,uam,req-id,must,uam-net-006",High,UAM-NET-006,1,Given synthetic fixtures for tenant A; when exercising `UAM-NET-006`; then normative behavior is observable via UI/API/events/audit within applicable NFR latency; unauthorized tenant/role/purpose denied with audit; gate `Visibility GA` checks pass. Min: 1 positive + 1 negative automated test linked to this ID.,UAM-NET
Story,UAM-NET-007: Detect new/rare destination relationships and first-seen external endpoints,"h2. Normative
The platform shall detect new/rare destination relationships and first-seen external endpoints.

h2. Acceptance (v1.2)
Given synthetic fixtures for tenant A; when exercising `UAM-NET-007`; then normative behavior is observable via UI/API/events/audit within applicable NFR latency; unauthorized tenant/role/purpose denied with audit; gate `Visibility GA` checks pass. Min: 1 positive + 1 negative automated test linked to this ID.

h2. Traceability
* Requirement: UAM-NET-007
* Edition: Visibility
* Strategy: ADAPT
* Release gate: Visibility GA
* Parent epic: EPIC-P1-06
",,EPIC-P1-06,"phase-1,visibility,uam,req-id,must,uam-net-007",High,UAM-NET-007,1,Given synthetic fixtures for tenant A; when exercising `UAM-NET-007`; then normative behavior is observable via UI/API/events/audit within applicable NFR latency; unauthorized tenant/role/purpose denied with audit; gate `Visibility GA` checks pass. Min: 1 positive + 1 negative automated test linked to this ID.,UAM-NET
Story,"UAM-NET-008: Correlate network connections with file-transfer, browser, application and alert events","h2. Normative
The platform shall correlate network connections with file-transfer, browser, application and alert events.

h2. Acceptance (v1.2)
Given synthetic fixtures for tenant A; when exercising `UAM-NET-008`; then normative behavior is observable via UI/API/events/audit within applicable NFR latency; unauthorized tenant/role/purpose denied with audit; gate `Visibility GA` checks pass. Min: 1 positive + 1 negative automated test linked to this ID.

h2. Traceability
* Requirement: UAM-NET-008
* Edition: Visibility
* Strategy: ADAPT
* Release gate: Visibility GA
* Parent epic: EPIC-P1-06
",,EPIC-P1-06,"phase-1,visibility,uam,req-id,must,uam-net-008",High,UAM-NET-008,1,Given synthetic fixtures for tenant A; when exercising `UAM-NET-008`; then normative behavior is observable via UI/API/events/audit within applicable NFR latency; unauthorized tenant/role/purpose denied with audit; gate `Visibility GA` checks pass. Min: 1 positive + 1 negative automated test linked to this ID.,UAM-NET
Story,UAM-NET-009: Support network-context indicators such as corporate LAN/VPN/off-network without invasive packet capture,"h2. Normative
The platform shall support network-context indicators such as corporate LAN/VPN/off-network without invasive packet capture.

h2. Acceptance (v1.2)
Given synthetic fixtures for tenant A; when exercising `UAM-NET-009`; then normative behavior is observable via UI/API/events/audit within applicable NFR latency; unauthorized tenant/role/purpose denied with audit; gate `Visibility GA` checks pass. Min: 1 positive + 1 negative automated test linked to this ID.

h2. Traceability
* Requirement: UAM-NET-009
* Edition: Visibility
* Strategy: ADAPT
* Release gate: Visibility GA
* Parent epic: EPIC-P1-06
",,EPIC-P1-06,"phase-1,visibility,uam,req-id,must,uam-net-009",High,UAM-NET-009,1,Given synthetic fixtures for tenant A; when exercising `UAM-NET-009`; then normative behavior is observable via UI/API/events/audit within applicable NFR latency; unauthorized tenant/role/purpose denied with audit; gate `Visibility GA` checks pass. Min: 1 positive + 1 negative automated test linked to this ID.,UAM-NET
Story,UAM-NET-010: Detect remote-access and tunneling/tool usage through application and destination intelligence where observable,"h2. Normative
The platform shall detect remote-access and tunneling/tool usage through application and destination intelligence where observable.

h2. Acceptance (v1.2)
Given synthetic fixtures for tenant A; when exercising `UAM-NET-010`; then normative behavior is observable via UI/API/events/audit within applicable NFR latency; unauthorized tenant/role/purpose denied with audit; gate `Visibility GA` checks pass. Min: 1 positive + 1 negative automated test linked to this ID.

h2. Traceability
* Requirement: UAM-NET-010
* Edition: Visibility
* Strategy: ADAPT
* Release gate: Visibility GA
* Parent epic: EPIC-P1-06
",,EPIC-P1-06,"phase-1,visibility,uam,req-id,must,uam-net-010",High,UAM-NET-010,1,Given synthetic fixtures for tenant A; when exercising `UAM-NET-010`; then normative behavior is observable via UI/API/events/audit within applicable NFR latency; unauthorized tenant/role/purpose denied with audit; gate `Visibility GA` checks pass. Min: 1 positive + 1 negative automated test linked to this ID.,UAM-NET
Story,"UAM-NET-011: Expose network activity in user timeline, risk analysis and global search","h2. Normative
The platform shall expose network activity in user timeline, risk analysis and global search.

h2. Acceptance (v1.2)
Given synthetic fixtures for tenant A; when exercising `UAM-NET-011`; then normative behavior is observable via UI/API/events/audit within applicable NFR latency; unauthorized tenant/role/purpose denied with audit; gate `Visibility GA` checks pass. Min: 1 positive + 1 negative automated test linked to this ID.

h2. Traceability
* Requirement: UAM-NET-011
* Edition: Visibility
* Strategy: ADAPT
* Release gate: Visibility GA
* Parent epic: EPIC-P1-06
",,EPIC-P1-06,"phase-1,visibility,uam,req-id,must,uam-net-011",High,UAM-NET-011,1,Given synthetic fixtures for tenant A; when exercising `UAM-NET-011`; then normative behavior is observable via UI/API/events/audit within applicable NFR latency; unauthorized tenant/role/purpose denied with audit; gate `Visibility GA` checks pass. Min: 1 positive + 1 negative automated test linked to this ID.,UAM-NET
Story,UAM-NET-012: Support destination allow/warn/block actions through endpoint/network integrations when configured,"h2. Normative
The platform shall support destination allow/warn/block actions through endpoint/network integrations when configured.

h2. Acceptance (v1.2)
Given synthetic fixtures for tenant A; when exercising `UAM-NET-012`; then normative behavior is observable via UI/API/events/audit within applicable NFR latency; unauthorized tenant/role/purpose denied with audit; gate `Visibility GA` checks pass. Min: 1 positive + 1 negative automated test linked to this ID.

h2. Traceability
* Requirement: UAM-NET-012
* Edition: Visibility
* Strategy: ADAPT
* Release gate: Visibility GA
* Parent epic: EPIC-P1-06
",,EPIC-P1-06,"phase-1,visibility,uam,req-id,must,uam-net-012",High,UAM-NET-012,1,Given synthetic fixtures for tenant A; when exercising `UAM-NET-012`; then normative behavior is observable via UI/API/events/audit within applicable NFR latency; unauthorized tenant/role/purpose denied with audit; gate `Visibility GA` checks pass. Min: 1 positive + 1 negative automated test linked to this ID.,UAM-NET
Story,UAM-NET-013: Retain only metadata by default and require explicit separate scope for content inspection,"h2. Normative
The platform shall retain only metadata by default and require explicit separate scope for content inspection.

h2. Acceptance (v1.2)
Given synthetic fixtures for tenant A; when exercising `UAM-NET-013`; then normative behavior is observable via UI/API/events/audit within applicable NFR latency; unauthorized tenant/role/purpose denied with audit; gate `Visibility GA` checks pass. Min: 1 positive + 1 negative automated test linked to this ID.

h2. Traceability
* Requirement: UAM-NET-013
* Edition: Visibility
* Strategy: ADAPT
* Release gate: Visibility GA
* Parent epic: EPIC-P1-06
",,EPIC-P1-06,"phase-1,visibility,uam,req-id,must,uam-net-013",High,UAM-NET-013,1,Given synthetic fixtures for tenant A; when exercising `UAM-NET-013`; then normative behavior is observable via UI/API/events/audit within applicable NFR latency; unauthorized tenant/role/purpose denied with audit; gate `Visibility GA` checks pass. Min: 1 positive + 1 negative automated test linked to this ID.,UAM-NET
Story,UAM-NET-014: Report collector limitations for encrypted/proxied/virtualized network contexts,"h2. Normative
The platform shall report collector limitations for encrypted/proxied/virtualized network contexts.

h2. Acceptance (v1.2)
Given synthetic fixtures for tenant A; when exercising `UAM-NET-014`; then normative behavior is observable via UI/API/events/audit within applicable NFR latency; unauthorized tenant/role/purpose denied with audit; gate `Visibility GA` checks pass. Min: 1 positive + 1 negative automated test linked to this ID.

h2. Traceability
* Requirement: UAM-NET-014
* Edition: Visibility
* Strategy: ADAPT
* Release gate: Visibility GA
* Parent epic: EPIC-P1-06
",,EPIC-P1-06,"phase-1,visibility,uam,req-id,must,uam-net-014",High,UAM-NET-014,1,Given synthetic fixtures for tenant A; when exercising `UAM-NET-014`; then normative behavior is observable via UI/API/events/audit within applicable NFR latency; unauthorized tenant/role/purpose denied with audit; gate `Visibility GA` checks pass. Min: 1 positive + 1 negative automated test linked to this ID.,UAM-NET
Story,DASH-001: Provide security/risk overview dashboard with organization posture and top changes,"h2. Normative
The platform shall provide security/risk overview dashboard with organization posture and top changes.

h2. Acceptance (v1.2)
Given synthetic fixtures for tenant A; when exercising `DASH-001`; then normative behavior is observable via UI/API/events/audit within applicable NFR latency; unauthorized tenant/role/purpose denied with audit; gate `Visibility GA` checks pass. Min: 1 positive + 1 negative automated test linked to this ID.

h2. Traceability
* Requirement: DASH-001
* Edition: Visibility
* Strategy: ADAPT
* Release gate: Visibility GA
* Parent epic: EPIC-P1-07
",,EPIC-P1-07,"phase-1,visibility,ux,req-id,must,dash-001",High,DASH-001,1,Given synthetic fixtures for tenant A; when exercising `DASH-001`; then normative behavior is observable via UI/API/events/audit within applicable NFR latency; unauthorized tenant/role/purpose denied with audit; gate `Visibility GA` checks pass. Min: 1 positive + 1 negative automated test linked to this ID.,DASH
Story,"DASH-002: Provide high-risk users dashboard with factors, trends, severity and last activity","h2. Normative
The platform shall provide high-risk users dashboard with factors, trends, severity and last activity.

h2. Acceptance (v1.2)
Given synthetic fixtures for tenant A; when exercising `DASH-002`; then normative behavior is observable via UI/API/events/audit within applicable NFR latency; unauthorized tenant/role/purpose denied with audit; gate `Visibility GA` checks pass. Min: 1 positive + 1 negative automated test linked to this ID.

h2. Traceability
* Requirement: DASH-002
* Edition: Visibility
* Strategy: ADAPT
* Release gate: Visibility GA
* Parent epic: EPIC-P1-07
",,EPIC-P1-07,"phase-1,visibility,ux,req-id,must,dash-002",High,DASH-002,1,Given synthetic fixtures for tenant A; when exercising `DASH-002`; then normative behavior is observable via UI/API/events/audit within applicable NFR latency; unauthorized tenant/role/purpose denied with audit; gate `Visibility GA` checks pass. Min: 1 positive + 1 negative automated test linked to this ID.,DASH
Story,DASH-003: Provide group/department risk dashboard,"h2. Normative
The platform shall provide group/department risk dashboard.

h2. Acceptance (v1.2)
Given synthetic fixtures for tenant A; when exercising `DASH-003`; then normative behavior is observable via UI/API/events/audit within applicable NFR latency; unauthorized tenant/role/purpose denied with audit; gate `Visibility GA` checks pass. Min: 1 positive + 1 negative automated test linked to this ID.

h2. Traceability
* Requirement: DASH-003
* Edition: Visibility
* Strategy: ADAPT
* Release gate: Visibility GA
* Parent epic: EPIC-P1-07
",,EPIC-P1-07,"phase-1,visibility,ux,req-id,must,dash-003",High,DASH-003,1,Given synthetic fixtures for tenant A; when exercising `DASH-003`; then normative behavior is observable via UI/API/events/audit within applicable NFR latency; unauthorized tenant/role/purpose denied with audit; gate `Visibility GA` checks pass. Min: 1 positive + 1 negative automated test linked to this ID.,DASH
Story,"DASH-004: Provide alert operations dashboard with severity, status, SLA age, policy and assignee","h2. Normative
The platform shall provide alert operations dashboard with severity, status, SLA age, policy and assignee.

h2. Acceptance (v1.2)
Given synthetic fixtures for tenant A; when exercising `DASH-004`; then normative behavior is observable via UI/API/events/audit within applicable NFR latency; unauthorized tenant/role/purpose denied with audit; gate `Visibility GA` checks pass. Min: 1 positive + 1 negative automated test linked to this ID.

h2. Traceability
* Requirement: DASH-004
* Edition: Visibility
* Strategy: ADAPT
* Release gate: Visibility GA
* Parent epic: EPIC-P1-07
",,EPIC-P1-07,"phase-1,visibility,ux,req-id,must,dash-004",High,DASH-004,1,Given synthetic fixtures for tenant A; when exercising `DASH-004`; then normative behavior is observable via UI/API/events/audit within applicable NFR latency; unauthorized tenant/role/purpose denied with audit; gate `Visibility GA` checks pass. Min: 1 positive + 1 negative automated test linked to this ID.,DASH
Story,"DASH-005: Provide investigation/case dashboard with status, owner, priority and age","h2. Normative
The platform shall provide investigation/case dashboard with status, owner, priority and age.

h2. Acceptance (v1.2)
Given synthetic fixtures for tenant A; when exercising `DASH-005`; then normative behavior is observable via UI/API/events/audit within applicable NFR latency; unauthorized tenant/role/purpose denied with audit; gate `Visibility GA` checks pass. Min: 1 positive + 1 negative automated test linked to this ID.

h2. Traceability
* Requirement: DASH-005
* Edition: Visibility
* Strategy: ADAPT
* Release gate: Visibility GA
* Parent epic: EPIC-P1-07
",,EPIC-P1-07,"phase-1,visibility,ux,req-id,must,dash-005",High,DASH-005,1,Given synthetic fixtures for tenant A; when exercising `DASH-005`; then normative behavior is observable via UI/API/events/audit within applicable NFR latency; unauthorized tenant/role/purpose denied with audit; gate `Visibility GA` checks pass. Min: 1 positive + 1 negative automated test linked to this ID.,DASH
Story,"DASH-006: Provide sensitive-data/DLP dashboard with channels, destinations and actions","h2. Normative
The platform shall provide sensitive-data/DLP dashboard with channels, destinations and actions.

h2. Acceptance (v1.2)
Given synthetic fixtures for tenant A; when exercising `DASH-006`; then normative behavior is observable via UI/API/events/audit within applicable NFR latency; unauthorized tenant/role/purpose denied with audit; gate `Visibility GA` checks pass. Min: 1 positive + 1 negative automated test linked to this ID.

h2. Traceability
* Requirement: DASH-006
* Edition: Visibility
* Strategy: ADAPT
* Release gate: Visibility GA
* Parent epic: EPIC-P1-07
",,EPIC-P1-07,"phase-1,visibility,ux,req-id,must,dash-006",High,DASH-006,1,Given synthetic fixtures for tenant A; when exercising `DASH-006`; then normative behavior is observable via UI/API/events/audit within applicable NFR latency; unauthorized tenant/role/purpose denied with audit; gate `Visibility GA` checks pass. Min: 1 positive + 1 negative automated test linked to this ID.,DASH
Story,DASH-007: Provide workforce productivity dashboard with productive/neutral/unproductive active time and trends,"h2. Normative
The platform shall provide workforce productivity dashboard with productive/neutral/unproductive active time and trends.

h2. Acceptance (v1.2)
Given synthetic fixtures for tenant A; when exercising `DASH-007`; then normative behavior is observable via UI/API/events/audit within applicable NFR latency; unauthorized tenant/role/purpose denied with audit; gate `Visibility GA` checks pass. Min: 1 positive + 1 negative automated test linked to this ID.

h2. Traceability
* Requirement: DASH-007
* Edition: Visibility
* Strategy: ADAPT
* Release gate: Visibility GA
* Parent epic: EPIC-P1-07
",,EPIC-P1-07,"phase-1,visibility,ux,req-id,must,dash-007",High,DASH-007,1,Given synthetic fixtures for tenant A; when exercising `DASH-007`; then normative behavior is observable via UI/API/events/audit within applicable NFR latency; unauthorized tenant/role/purpose denied with audit; gate `Visibility GA` checks pass. Min: 1 positive + 1 negative automated test linked to this ID.,DASH
Story,DASH-008: Provide workload/wellbeing dashboard using privacy-preserving aggregate indicators,"h2. Normative
The platform shall provide workload/wellbeing dashboard using privacy-preserving aggregate indicators.

h2. Acceptance (v1.2)
Given synthetic fixtures for tenant A; when exercising `DASH-008`; then normative behavior is observable via UI/API/events/audit within applicable NFR latency; unauthorized tenant/role/purpose denied with audit; gate `Visibility GA` checks pass. Min: 1 positive + 1 negative automated test linked to this ID.

h2. Traceability
* Requirement: DASH-008
* Edition: Visibility
* Strategy: ADAPT
* Release gate: Visibility GA
* Parent epic: EPIC-P1-07
",,EPIC-P1-07,"phase-1,visibility,ux,req-id,must,dash-008",High,DASH-008,1,Given synthetic fixtures for tenant A; when exercising `DASH-008`; then normative behavior is observable via UI/API/events/audit within applicable NFR latency; unauthorized tenant/role/purpose denied with audit; gate `Visibility GA` checks pass. Min: 1 positive + 1 negative automated test linked to this ID.,DASH
Story,DASH-009: Provide technology/app utilization dashboard,"h2. Normative
The platform shall provide technology/app utilization dashboard.

h2. Acceptance (v1.2)
Given synthetic fixtures for tenant A; when exercising `DASH-009`; then normative behavior is observable via UI/API/events/audit within applicable NFR latency; unauthorized tenant/role/purpose denied with audit; gate `Visibility GA` checks pass. Min: 1 positive + 1 negative automated test linked to this ID.

h2. Traceability
* Requirement: DASH-009
* Edition: Visibility
* Strategy: ADAPT
* Release gate: Visibility GA
* Parent epic: EPIC-P1-07
",,EPIC-P1-07,"phase-1,visibility,ux,req-id,must,dash-009",High,DASH-009,1,Given synthetic fixtures for tenant A; when exercising `DASH-009`; then normative behavior is observable via UI/API/events/audit within applicable NFR latency; unauthorized tenant/role/purpose denied with audit; gate `Visibility GA` checks pass. Min: 1 positive + 1 negative automated test linked to this ID.,DASH
Story,DASH-010: Provide AI adoption and AI governance dashboard,"h2. Normative
The platform shall provide AI adoption and AI governance dashboard.

h2. Acceptance (v1.2)
Given synthetic fixtures for tenant A; when exercising `DASH-010`; then normative behavior is observable via UI/API/events/audit within applicable NFR latency; unauthorized tenant/role/purpose denied with audit; gate `Visibility GA` checks pass. Min: 1 positive + 1 negative automated test linked to this ID.

h2. Traceability
* Requirement: DASH-010
* Edition: Visibility
* Strategy: ADAPT
* Release gate: Visibility GA
* Parent epic: EPIC-P1-07
",,EPIC-P1-07,"phase-1,visibility,ux,req-id,must,dash-010",High,DASH-010,1,Given synthetic fixtures for tenant A; when exercising `DASH-010`; then normative behavior is observable via UI/API/events/audit within applicable NFR latency; unauthorized tenant/role/purpose denied with audit; gate `Visibility GA` checks pass. Min: 1 positive + 1 negative automated test linked to this ID.,DASH
Story,"DASH-011: Provide executive dashboard with organizational risk posture, workforce trends and cross-functional KPIs","h2. Normative
The platform shall provide executive dashboard with organizational risk posture, workforce trends and cross-functional KPIs.

h2. Acceptance (v1.2)
Given synthetic fixtures for tenant A; when exercising `DASH-011`; then normative behavior is observable via UI/API/events/audit within applicable NFR latency; unauthorized tenant/role/purpose denied with audit; gate `Visibility GA` checks pass. Min: 1 positive + 1 negative automated test linked to this ID.

h2. Traceability
* Requirement: DASH-011
* Edition: Visibility
* Strategy: ADAPT
* Release gate: Visibility GA
* Parent epic: EPIC-P1-07
",,EPIC-P1-07,"phase-1,visibility,ux,req-id,must,dash-011",High,DASH-011,1,Given synthetic fixtures for tenant A; when exercising `DASH-011`; then normative behavior is observable via UI/API/events/audit within applicable NFR latency; unauthorized tenant/role/purpose denied with audit; gate `Visibility GA` checks pass. Min: 1 positive + 1 negative automated test linked to this ID.,DASH
Story,DASH-012: Provide agent/device fleet health dashboard,"h2. Normative
The platform shall provide agent/device fleet health dashboard.

h2. Acceptance (v1.2)
Given synthetic fixtures for tenant A; when exercising `DASH-012`; then normative behavior is observable via UI/API/events/audit within applicable NFR latency; unauthorized tenant/role/purpose denied with audit; gate `Visibility GA` checks pass. Min: 1 positive + 1 negative automated test linked to this ID.

h2. Traceability
* Requirement: DASH-012
* Edition: Visibility
* Strategy: ADAPT
* Release gate: Visibility GA
* Parent epic: EPIC-P1-07
",,EPIC-P1-07,"phase-1,visibility,ux,req-id,must,dash-012",High,DASH-012,1,Given synthetic fixtures for tenant A; when exercising `DASH-012`; then normative behavior is observable via UI/API/events/audit within applicable NFR latency; unauthorized tenant/role/purpose denied with audit; gate `Visibility GA` checks pass. Min: 1 positive + 1 negative automated test linked to this ID.,DASH
Story,DASH-013: Provide data-quality/telemetry coverage dashboard,"h2. Normative
The platform shall provide data-quality/telemetry coverage dashboard.

h2. Acceptance (v1.2)
Given synthetic fixtures for tenant A; when exercising `DASH-013`; then normative behavior is observable via UI/API/events/audit within applicable NFR latency; unauthorized tenant/role/purpose denied with audit; gate `Visibility GA` checks pass. Min: 1 positive + 1 negative automated test linked to this ID.

h2. Traceability
* Requirement: DASH-013
* Edition: Visibility
* Strategy: ADAPT
* Release gate: Visibility GA
* Parent epic: EPIC-P1-07
",,EPIC-P1-07,"phase-1,visibility,ux,req-id,must,dash-013",High,DASH-013,1,Given synthetic fixtures for tenant A; when exercising `DASH-013`; then normative behavior is observable via UI/API/events/audit within applicable NFR latency; unauthorized tenant/role/purpose denied with audit; gate `Visibility GA` checks pass. Min: 1 positive + 1 negative automated test linked to this ID.,DASH
Story,"DASH-014: Allow dashboard filters by time, organization, location, risk, policy and event type as appropriate","h2. Normative
The platform shall allow dashboard filters by time, organization, location, risk, policy and event type as appropriate.

h2. Acceptance (v1.2)
Given synthetic fixtures for tenant A; when exercising `DASH-014`; then normative behavior is observable via UI/API/events/audit within applicable NFR latency; unauthorized tenant/role/purpose denied with audit; gate `Visibility GA` checks pass. Min: 1 positive + 1 negative automated test linked to this ID.

h2. Traceability
* Requirement: DASH-014
* Edition: Visibility
* Strategy: ADAPT
* Release gate: Visibility GA
* Parent epic: EPIC-P1-07
",,EPIC-P1-07,"phase-1,visibility,ux,req-id,must,dash-014",High,DASH-014,1,Given synthetic fixtures for tenant A; when exercising `DASH-014`; then normative behavior is observable via UI/API/events/audit within applicable NFR latency; unauthorized tenant/role/purpose denied with audit; gate `Visibility GA` checks pass. Min: 1 positive + 1 negative automated test linked to this ID.,DASH
Story,DASH-015: Allow role-specific dashboard layouts with saved views,"h2. Normative
The platform shall allow role-specific dashboard layouts with saved views.

h2. Acceptance (v1.2)
Given synthetic fixtures for tenant A; when exercising `DASH-015`; then normative behavior is observable via UI/API/events/audit within applicable NFR latency; unauthorized tenant/role/purpose denied with audit; gate `Visibility GA` checks pass. Min: 1 positive + 1 negative automated test linked to this ID.

h2. Traceability
* Requirement: DASH-015
* Edition: Visibility
* Strategy: ADAPT
* Release gate: Visibility GA
* Parent epic: EPIC-P1-07
",,EPIC-P1-07,"phase-1,visibility,ux,req-id,must,dash-015",High,DASH-015,1,Given synthetic fixtures for tenant A; when exercising `DASH-015`; then normative behavior is observable via UI/API/events/audit within applicable NFR latency; unauthorized tenant/role/purpose denied with audit; gate `Visibility GA` checks pass. Min: 1 positive + 1 negative automated test linked to this ID.,DASH
Story,DASH-016: Allow widget drill-down to source records without leaking unauthorized data,"h2. Normative
The platform shall allow widget drill-down to source records without leaking unauthorized data.

h2. Acceptance (v1.2)
Given synthetic fixtures for tenant A; when exercising `DASH-016`; then normative behavior is observable via UI/API/events/audit within applicable NFR latency; unauthorized tenant/role/purpose denied with audit; gate `Visibility GA` checks pass. Min: 1 positive + 1 negative automated test linked to this ID.

h2. Traceability
* Requirement: DASH-016
* Edition: Visibility
* Strategy: ADAPT
* Release gate: Visibility GA
* Parent epic: EPIC-P1-07
",,EPIC-P1-07,"phase-1,visibility,ux,req-id,must,dash-016",High,DASH-016,1,Given synthetic fixtures for tenant A; when exercising `DASH-016`; then normative behavior is observable via UI/API/events/audit within applicable NFR latency; unauthorized tenant/role/purpose denied with audit; gate `Visibility GA` checks pass. Min: 1 positive + 1 negative automated test linked to this ID.,DASH
Story,DASH-017: Provide configurable reports and report builder,"h2. Normative
The platform shall provide configurable reports and report builder.

h2. Acceptance (v1.2)
Given synthetic fixtures for tenant A; when exercising `DASH-017`; then normative behavior is observable via UI/API/events/audit within applicable NFR latency; unauthorized tenant/role/purpose denied with audit; gate `Visibility GA` checks pass. Min: 1 positive + 1 negative automated test linked to this ID.

h2. Traceability
* Requirement: DASH-017
* Edition: Visibility
* Strategy: ADAPT
* Release gate: Visibility GA
* Parent epic: EPIC-P1-07
",,EPIC-P1-07,"phase-1,visibility,ux,req-id,must,dash-017",High,DASH-017,1,Given synthetic fixtures for tenant A; when exercising `DASH-017`; then normative behavior is observable via UI/API/events/audit within applicable NFR latency; unauthorized tenant/role/purpose denied with audit; gate `Visibility GA` checks pass. Min: 1 positive + 1 negative automated test linked to this ID.,DASH
Story,DASH-018: Provide scheduled report delivery with scoped recipients and secure links,"h2. Normative
The platform shall provide scheduled report delivery with scoped recipients and secure links.

h2. Acceptance (v1.2)
Given synthetic fixtures for tenant A; when exercising `DASH-018`; then normative behavior is observable via UI/API/events/audit within applicable NFR latency; unauthorized tenant/role/purpose denied with audit; gate `Visibility GA` checks pass. Min: 1 positive + 1 negative automated test linked to this ID.

h2. Traceability
* Requirement: DASH-018
* Edition: Visibility
* Strategy: ADAPT
* Release gate: Visibility GA
* Parent epic: EPIC-P1-07
",,EPIC-P1-07,"phase-1,visibility,ux,req-id,must,dash-018",High,DASH-018,1,Given synthetic fixtures for tenant A; when exercising `DASH-018`; then normative behavior is observable via UI/API/events/audit within applicable NFR latency; unauthorized tenant/role/purpose denied with audit; gate `Visibility GA` checks pass. Min: 1 positive + 1 negative automated test linked to this ID.,DASH
Story,"DASH-019: Export permitted report data to CSV, XLSX, PDF and JSON/API","h2. Normative
The platform shall export permitted report data to CSV, XLSX, PDF and JSON/API.

h2. Acceptance (v1.2)
Given synthetic fixtures for tenant A; when exercising `DASH-019`; then normative behavior is observable via UI/API/events/audit within applicable NFR latency; unauthorized tenant/role/purpose denied with audit; gate `Visibility GA` checks pass. Min: 1 positive + 1 negative automated test linked to this ID.

h2. Traceability
* Requirement: DASH-019
* Edition: Visibility
* Strategy: ADAPT
* Release gate: Visibility GA
* Parent epic: EPIC-P1-07
",,EPIC-P1-07,"phase-1,visibility,ux,req-id,must,dash-019",High,DASH-019,1,Given synthetic fixtures for tenant A; when exercising `DASH-019`; then normative behavior is observable via UI/API/events/audit within applicable NFR latency; unauthorized tenant/role/purpose denied with audit; gate `Visibility GA` checks pass. Min: 1 positive + 1 negative automated test linked to this ID.,DASH
Story,"DASH-020: Provide globally available search across authorized activity, alerts, users, devices, policies and cases","h2. Normative
The platform shall provide globally available search across authorized activity, alerts, users, devices, policies and cases.

h2. Acceptance (v1.2)
Given synthetic fixtures for tenant A; when exercising `DASH-020`; then normative behavior is observable via UI/API/events/audit within applicable NFR latency; unauthorized tenant/role/purpose denied with audit; gate `Visibility GA` checks pass. Min: 1 positive + 1 negative automated test linked to this ID.

h2. Traceability
* Requirement: DASH-020
* Edition: Visibility
* Strategy: ADAPT
* Release gate: Visibility GA
* Parent epic: EPIC-P1-07
",,EPIC-P1-07,"phase-1,visibility,ux,req-id,must,dash-020",High,DASH-020,1,Given synthetic fixtures for tenant A; when exercising `DASH-020`; then normative behavior is observable via UI/API/events/audit within applicable NFR latency; unauthorized tenant/role/purpose denied with audit; gate `Visibility GA` checks pass. Min: 1 positive + 1 negative automated test linked to this ID.,DASH
